lineage,t_days,survival,at_risk,events
L1,0,0.8941,85,9
L1,2,0.8822,75,1
L1,3,0.8701,73,1
L1,8,0.8445,68,2
L1,9,0.8317,66,1
L1,10,0.8061,65,2
L1,13,0.7933,63,1
L1,17,0.7673,61,2
L1,20,0.7409,58,2
L1,25,0.7274,55,1
L1,27,0.7139,54,1
L1,32,0.7005,53,1
L1,35,0.6867,51,1
L1,41,0.6724,48,1
L1,51,0.6581,47,1
L1,54,0.6432,44,1
L1,73,0.6253,36,1
L1,74,0.6074,35,1
L1,85,0.589,33,1
L1,86,0.5706,32,1
L1,89,0.5522,31,1
L1,101,0.5338,30,1
L1,117,0.514,27,1
L1,126,0.4917,23,1
L1,149,0.4693,22,1
L1,178,0.4417,17,1
L1,193,0.4141,16,1
L1,229,0.3865,15,1
L1,259,0.3543,12,1
L1,306,0.3221,11,1
L1,351,0.2818,8,1
L2,0,0.9825,57,1
L2,1,0.9461,54,2
L2,2,0.9279,52,1
L2,3,0.8915,51,2
L2,4,0.8733,49,1
L2,7,0.8551,48,1
L2,8,0.8369,47,1
L2,13,0.8174,43,1
L2,14,0.7975,41,1
L2,18,0.7776,40,1
L2,22,0.7571,38,1
L2,27,0.715,36,2
L2,37,0.692,31,1
L2,49,0.6689,30,1
L2,54,0.6458,29,1
L2,64,0.621,26,1
L2,69,0.5962,25,1
L2,76,0.5702,23,1
L2,84,0.5431,21,1
L2,115,0.5129,18,1
L2,119,0.4827,17,1
L2,181,0.4456,13,1
L2,252,0.4085,12,1
L2,476,0.3631,9,1
L2,535,0.3177,8,1
L2,728,0.1589,2,1
L3,0,0.977,87,2
L3,1,0.931,85,4
L3,2,0.908,81,2
L3,3,0.8966,79,1
L3,4,0.8736,78,2
L3,5,0.8506,76,2
L3,6,0.8276,74,2
L3,7,0.8046,72,2
L3,8,0.7816,70,2
L3,9,0.7701,68,1
L3,10,0.7586,67,1
L3,13,0.7469,65,1
L3,15,0.7353,64,1
L3,16,0.7234,62,1
L3,20,0.7114,60,1
L3,22,0.6993,59,1
L3,24,0.6872,58,1
L3,32,0.675,56,1
L3,34,0.6627,55,1
L3,37,0.6504,54,1
L3,48,0.6379,52,1
L3,49,0.6254,51,1
L3,55,0.6127,49,1
L3,56,0.5999,48,1
L3,57,0.5871,47,1
L3,60,0.5741,45,1
L3,64,0.5607,43,1
L3,72,0.5474,42,1
L3,76,0.534,41,1
L3,77,0.5207,40,1
L3,79,0.507,38,1
L3,105,0.4916,33,1
L3,117,0.4758,31,1
L3,120,0.4599,30,1
L3,124,0.444,29,1
L3,126,0.4276,27,1
L3,134,0.4111,26,1
L3,150,0.3916,21,1
L3,162,0.3685,17,1
L3,178,0.3455,16,1
L3,188,0.3225,15,1
L3,202,0.2994,14,1
L3,220,0.2764,13,1
L3,230,0.2534,12,1
L3,247,0.228,10,1
L3,257,0.2027,9,1
L3,258,0.1774,8,1
L3,314,0.152,7,1
L3,535,0.1216,5,1
L3,647,0.0811,3,1
all,0,0.9476,229,12
all,1,0.921,214,6
all,2,0.9033,208,4
all,3,0.8855,203,4
all,4,0.8721,198,3
all,5,0.8631,193,2
all,6,0.854,190,2
all,7,0.8404,188,3
all,8,0.8176,185,5
all,9,0.8085,179,2
all,10,0.7948,177,3
all,13,0.7809,171,3
all,14,0.7762,166,1
all,15,0.7714,165,1
all,16,0.7667,163,1
all,17,0.7572,161,2
all,18,0.7524,159,1
all,20,0.738,156,3
all,22,0.7282,152,2
all,24,0.7234,150,1
all,25,0.7185,148,1
all,27,0.7038,147,3
all,32,0.6938,140,2
all,34,0.6887,137,1
all,35,0.6837,136,1
all,37,0.6735,134,2
all,41,0.6683,131,1
all,48,0.6631,129,1
all,49,0.6528,128,2
all,51,0.6476,126,1
all,54,0.637,122,2
all,55,0.6316,119,1
all,56,0.6262,117,1
all,57,0.6208,116,1
all,60,0.6153,112,1
all,64,0.604,109,2
all,69,0.5983,106,1
all,72,0.5924,101,1
all,73,0.5864,100,1
all,74,0.5805,99,1
all,76,0.5687,98,2
all,77,0.5626,94,1
all,79,0.5565,92,1
all,84,0.5504,91,1
all,85,0.5443,90,1
all,86,0.5382,89,1
all,89,0.532,87,1
all,101,0.5255,82,1
all,105,0.5188,79,1
all,115,0.5121,77,1
all,117,0.4984,75,2
all,119,0.4914,71,1
all,120,0.4843,69,1
all,124,0.4772,68,1
all,126,0.4625,65,2
all,134,0.455,62,1
all,149,0.4469,56,1
all,150,0.4388,55,1
all,162,0.4298,49,1
all,178,0.4111,46,2
all,181,0.4018,44,1
all,188,0.3925,43,1
all,193,0.3831,42,1
all,202,0.3738,41,1
all,220,0.3644,40,1
all,229,0.3551,39,1
all,230,0.3457,38,1
all,247,0.3359,35,1
all,252,0.326,34,1
all,257,0.3161,33,1
all,258,0.3059,31,1
all,259,0.2957,30,1
all,306,0.2855,29,1
all,314,0.2749,27,1
all,351,0.263,23,1
all,476,0.2475,17,1
all,535,0.2166,16,2
all,647,0.1856,7,1
all,728,0.1547,6,1
