lineage,metric,value,n,denominator,share,note
L1,event_code_survival_share:2024,0.2353,8,34,0.2353,events with >=1 blamed line at cutoff
L1,event_concept_only_share:2024,0.0882,3,34,0.0882,no surviving lines but a move still live
L1,event_code_survival_share:2025,0.5881,267,454,0.5881,events with >=1 blamed line at cutoff
L1,event_concept_only_share:2025,0.0639,29,454,0.0639,no surviving lines but a move still live
L1,event_code_survival_share:2026,0.714,402,563,0.714,events with >=1 blamed line at cutoff
L1,event_concept_only_share:2026,0.0284,16,563,0.0284,no surviving lines but a move still live
L2,event_code_survival_share:2024,0.3333,8,24,0.3333,events with >=1 blamed line at cutoff
L2,event_concept_only_share:2024,0.0833,2,24,0.0833,no surviving lines but a move still live
L2,event_code_survival_share:2025,0.4611,89,193,0.4611,events with >=1 blamed line at cutoff
L2,event_concept_only_share:2025,0.0363,7,193,0.0363,no surviving lines but a move still live
L2,event_code_survival_share:2026,0.613,255,416,0.613,events with >=1 blamed line at cutoff
L2,event_concept_only_share:2026,0.0144,6,416,0.0144,no surviving lines but a move still live
L3,event_code_survival_share:2023,0.0,0,41,0.0,events with >=1 blamed line at cutoff
L3,event_concept_only_share:2023,0.1463,6,41,0.1463,no surviving lines but a move still live
L3,event_code_survival_share:2024,0.1119,16,143,0.1119,events with >=1 blamed line at cutoff
L3,event_concept_only_share:2024,0.2028,29,143,0.2028,no surviving lines but a move still live
L3,event_code_survival_share:2025,0.5045,280,555,0.5045,events with >=1 blamed line at cutoff
L3,event_concept_only_share:2025,0.0793,44,555,0.0793,no surviving lines but a move still live
L3,event_code_survival_share:2026,0.6247,466,746,0.6247,events with >=1 blamed line at cutoff
L3,event_concept_only_share:2026,0.0563,42,746,0.0563,no surviving lines but a move still live
all,event_code_survival_share:2023,0.0,0,41,0.0,events with >=1 blamed line at cutoff
all,event_concept_only_share:2023,0.1463,6,41,0.1463,no surviving lines but a move still live
all,event_code_survival_share:2024,0.1592,32,201,0.1592,events with >=1 blamed line at cutoff
all,event_concept_only_share:2024,0.1692,34,201,0.1692,no surviving lines but a move still live
all,event_code_survival_share:2025,0.5291,636,1202,0.5291,events with >=1 blamed line at cutoff
all,event_concept_only_share:2025,0.0666,80,1202,0.0666,no surviving lines but a move still live
all,event_code_survival_share:2026,0.651,1123,1725,0.651,events with >=1 blamed line at cutoff
all,event_concept_only_share:2026,0.0371,64,1725,0.0371,no surviving lines but a move still live
L1,km-artifact-lifetime_median_days,not_reached,85,85,1.0,KM; events=7
L2,km-artifact-lifetime_median_days,not_reached,57,57,1.0,KM; events=3
L3,km-artifact-lifetime_median_days,991,87,87,1.0,KM; events=17
all,km-artifact-lifetime_median_days,991,229,229,1.0,KM; events=27
L1,km-first-repair_median_days,126,85,85,1.0,KM; events=43
L2,km-first-repair_median_days,119,57,57,1.0,KM; events=29
L3,km-first-repair_median_days,105,87,87,1.0,KM; events=60
all,km-first-repair_median_days,117,229,229,1.0,KM; events=132
L1,verified_events,1100,1100,1100,1.0,
L1,event_type:introduce,73,73,1100,0.0664,
L1,event_type:integrate,29,29,1100,0.0264,
L1,event_type:repair_build_dependency,58,58,1100,0.0527,
L1,event_type:retune,6,6,1100,0.0055,
L1,event_type:change_default,59,59,1100,0.0536,
L1,event_type:adapt_framework,130,130,1100,0.1182,
L1,event_type:extend_support,218,218,1100,0.1982,
L1,event_type:optimize,142,142,1100,0.1291,
L1,event_type:repair_correctness,293,293,1100,0.2664,
L1,event_type:remove,7,7,1100,0.0064,
L1,event_type:port,11,11,1100,0.01,
L1,event_type:revert,32,32,1100,0.0291,
L1,event_type:replace,7,7,1100,0.0064,
L1,event_type:repair_performance,18,18,1100,0.0164,
L1,event_type:reland,15,15,1100,0.0136,
L1,event_type:deprecate,2,2,1100,0.0018,
L1,primary_cause:performance,293,293,1100,0.2664,
L1,primary_cause:framework_integration,185,185,1100,0.1682,
L1,primary_cause:build_dependency,71,71,1100,0.0645,
L1,primary_cause:hardware_compiler,70,70,1100,0.0636,
L1,primary_cause:correctness,312,312,1100,0.2836,
L1,primary_cause:maintenance,25,25,1100,0.0227,
L1,primary_cause:specification,144,144,1100,0.1309,
L1,replacement_events,75,75,1100,0.0682,replace/change_default/remove/deprecate + introduce/port with reimplementation/replaces predecessor
L1,incremental_events,894,894,1100,0.8127,optimize/retune/repair_*/adapt/extend/integrate
L1,survives_at_cutoff:concept_only,48,48,1100,0.0436,
L1,survives_at_cutoff:no,326,326,1100,0.2964,
L1,survives_at_cutoff:code,677,677,1100,0.6155,
L1,survives_at_cutoff:not_applicable,22,22,1100,0.02,
L1,survives_at_cutoff:unclear,27,27,1100,0.0245,
L1,outcome:merged_modified_later,1004,1004,1100,0.9127,
L1,outcome:merged_removed,7,7,1100,0.0064,
L1,outcome:merged_reverted,34,34,1100,0.0309,
L1,outcome:merged_replaced,9,9,1100,0.0082,
L1,outcome:merged_survives,46,46,1100,0.0418,
L1,spec_change_events,65,65,1100,0.0591,contract change (excl. newly_supported)
L1,newly_supported_events,313,313,1100,0.2845,
L1,events_in_a_release,1034,1034,1100,0.94,
L1,events_unreleased_at_cutoff,65,65,1100,0.0591,
L1,events_wheel_not_pinned,1,1,1100,0.0009,
L2,verified_events,653,653,653,1.0,
L2,event_type:introduce,40,40,653,0.0613,
L2,event_type:optimize,116,116,653,0.1776,
L2,event_type:extend_support,111,111,653,0.17,
L2,event_type:repair_correctness,166,166,653,0.2542,
L2,event_type:adapt_framework,72,72,653,0.1103,
L2,event_type:change_default,29,29,653,0.0444,
L2,event_type:retune,6,6,653,0.0092,
L2,event_type:integrate,29,29,653,0.0444,
L2,event_type:revert,14,14,653,0.0214,
L2,event_type:reland,11,11,653,0.0168,
L2,event_type:repair_build_dependency,38,38,653,0.0582,
L2,event_type:deprecate,3,3,653,0.0046,
L2,event_type:repair_performance,8,8,653,0.0123,
L2,event_type:port,3,3,653,0.0046,
L2,event_type:replace,2,2,653,0.0031,
L2,event_type:remove,5,5,653,0.0077,
L2,primary_cause:performance,194,194,653,0.2971,
L2,primary_cause:specification,71,71,653,0.1087,
L2,primary_cause:correctness,181,181,653,0.2772,
L2,primary_cause:framework_integration,130,130,653,0.1991,
L2,primary_cause:hardware_compiler,25,25,653,0.0383,
L2,primary_cause:build_dependency,39,39,653,0.0597,
L2,primary_cause:maintenance,13,13,653,0.0199,
L2,replacement_events,66,66,653,0.1011,replace/change_default/remove/deprecate + introduce/port with reimplementation/replaces predecessor
L2,incremental_events,546,546,653,0.8361,optimize/retune/repair_*/adapt/extend/integrate
L2,survives_at_cutoff:code,352,352,653,0.5391,
L2,survives_at_cutoff:concept_only,15,15,653,0.023,
L2,survives_at_cutoff:no,266,266,653,0.4074,
L2,survives_at_cutoff:not_applicable,13,13,653,0.0199,
L2,survives_at_cutoff:unclear,7,7,653,0.0107,
L2,outcome:merged_modified_later,612,612,653,0.9372,
L2,outcome:merged_removed,1,1,653,0.0015,
L2,outcome:merged_survives,16,16,653,0.0245,
L2,outcome:merged_reverted,14,14,653,0.0214,
L2,outcome:merged_replaced,10,10,653,0.0153,
L2,spec_change_events,102,102,653,0.1562,contract change (excl. newly_supported)
L2,newly_supported_events,164,164,653,0.2511,
L2,events_in_a_release,614,614,653,0.9403,
L2,events_unreleased_at_cutoff,37,37,653,0.0567,
L2,events_wheel_not_pinned,2,2,653,0.0031,
L3,verified_events,1528,1528,1528,1.0,
L3,event_type:introduce,67,67,1528,0.0438,
L3,event_type:integrate,33,33,1528,0.0216,
L3,event_type:extend_support,252,252,1528,0.1649,
L3,event_type:optimize,194,194,1528,0.127,
L3,event_type:repair_correctness,473,473,1528,0.3096,
L3,event_type:replace,4,4,1528,0.0026,
L3,event_type:repair_build_dependency,121,121,1528,0.0792,
L3,event_type:change_default,72,72,1528,0.0471,
L3,event_type:adapt_framework,203,203,1528,0.1329,
L3,event_type:port,5,5,1528,0.0033,
L3,event_type:remove,19,19,1528,0.0124,
L3,event_type:revert,29,29,1528,0.019,
L3,event_type:retune,11,11,1528,0.0072,
L3,event_type:reland,11,11,1528,0.0072,
L3,event_type:repair_performance,31,31,1528,0.0203,
L3,event_type:deprecate,3,3,1528,0.002,
L3,primary_cause:performance,345,345,1528,0.2258,
L3,primary_cause:specification,216,216,1528,0.1414,
L3,primary_cause:correctness,500,500,1528,0.3272,
L3,primary_cause:framework_integration,247,247,1528,0.1616,
L3,primary_cause:build_dependency,138,138,1528,0.0903,
L3,primary_cause:hardware_compiler,54,54,1528,0.0353,
L3,primary_cause:maintenance,28,28,1528,0.0183,
L3,replacement_events,126,126,1528,0.0825,replace/change_default/remove/deprecate + introduce/port with reimplementation/replaces predecessor
L3,incremental_events,1318,1318,1528,0.8626,optimize/retune/repair_*/adapt/extend/integrate
L3,survives_at_cutoff:concept_only,121,121,1528,0.0792,
L3,survives_at_cutoff:no,602,602,1528,0.394,
L3,survives_at_cutoff:unclear,9,9,1528,0.0059,
L3,survives_at_cutoff:not_applicable,34,34,1528,0.0223,
L3,survives_at_cutoff:code,762,762,1528,0.4987,
L3,outcome:merged_modified_later,1319,1319,1528,0.8632,
L3,outcome:merged_removed,131,131,1528,0.0857,
L3,outcome:merged_reverted,33,33,1528,0.0216,
L3,outcome:merged_replaced,11,11,1528,0.0072,
L3,outcome:merged_survives,34,34,1528,0.0223,
L3,spec_change_events,199,199,1528,0.1302,contract change (excl. newly_supported)
L3,newly_supported_events,310,310,1528,0.2029,
L3,events_in_a_release,1468,1468,1528,0.9607,
L3,events_unreleased_at_cutoff,60,60,1528,0.0393,
L3,events_wheel_not_pinned,0,0,1528,0.0,
all,verified_events,3281,3281,3281,1.0,
all,event_type:introduce,180,180,3281,0.0549,
all,event_type:integrate,91,91,3281,0.0277,
all,event_type:repair_build_dependency,217,217,3281,0.0661,
all,event_type:retune,23,23,3281,0.007,
all,event_type:change_default,160,160,3281,0.0488,
all,event_type:adapt_framework,405,405,3281,0.1234,
all,event_type:extend_support,581,581,3281,0.1771,
all,event_type:optimize,452,452,3281,0.1378,
all,event_type:repair_correctness,932,932,3281,0.2841,
all,event_type:remove,31,31,3281,0.0094,
all,event_type:port,19,19,3281,0.0058,
all,event_type:revert,75,75,3281,0.0229,
all,event_type:replace,13,13,3281,0.004,
all,event_type:repair_performance,57,57,3281,0.0174,
all,event_type:reland,37,37,3281,0.0113,
all,event_type:deprecate,8,8,3281,0.0024,
all,primary_cause:performance,832,832,3281,0.2536,
all,primary_cause:framework_integration,562,562,3281,0.1713,
all,primary_cause:build_dependency,248,248,3281,0.0756,
all,primary_cause:hardware_compiler,149,149,3281,0.0454,
all,primary_cause:correctness,993,993,3281,0.3027,
all,primary_cause:maintenance,66,66,3281,0.0201,
all,primary_cause:specification,431,431,3281,0.1314,
all,replacement_events,267,267,3281,0.0814,replace/change_default/remove/deprecate + introduce/port with reimplementation/replaces predecessor
all,incremental_events,2758,2758,3281,0.8406,optimize/retune/repair_*/adapt/extend/integrate
all,survives_at_cutoff:concept_only,184,184,3281,0.0561,
all,survives_at_cutoff:no,1194,1194,3281,0.3639,
all,survives_at_cutoff:code,1791,1791,3281,0.5459,
all,survives_at_cutoff:not_applicable,69,69,3281,0.021,
all,survives_at_cutoff:unclear,43,43,3281,0.0131,
all,outcome:merged_modified_later,2935,2935,3281,0.8945,
all,outcome:merged_removed,139,139,3281,0.0424,
all,outcome:merged_reverted,81,81,3281,0.0247,
all,outcome:merged_replaced,30,30,3281,0.0091,
all,outcome:merged_survives,96,96,3281,0.0293,
all,spec_change_events,366,366,3281,0.1116,contract change (excl. newly_supported)
all,newly_supported_events,787,787,3281,0.2399,
all,events_in_a_release,3116,3116,3281,0.9497,
all,events_unreleased_at_cutoff,162,162,3281,0.0494,
all,events_wheel_not_pinned,3,3,3281,0.0009,
L1,transitions,43,43,43,1.0,
L1,repairs_per_transition_mean,8.19,352,43,8.186,
L1,repairs_per_transition_median,6,6,43,0.1395,
L1,transitions_with_repair,33,33,43,0.7674,
L1,rebase_class:manual_reimplementation,1,1,43,0.0233,
L1,rebase_class:adapter_repair,1,1,43,0.0233,
L1,rebase_class:direct_carry,7,7,43,0.1628,
L1,rebase_class:backend_replacement,18,18,43,0.4186,
L1,rebase_class:derivation_repair,6,6,43,0.1395,
L1,rebase_class:obsolete,10,10,43,0.2326,
L2,transitions,48,48,48,1.0,
L2,repairs_per_transition_mean,4.19,201,48,4.1875,
L2,repairs_per_transition_median,3,3,48,0.0625,
L2,transitions_with_repair,32,32,48,0.6667,
L2,rebase_class:direct_carry,12,12,48,0.25,
L2,rebase_class:manual_reimplementation,11,11,48,0.2292,
L2,rebase_class:derivation_repair,10,10,48,0.2083,
L2,rebase_class:backend_replacement,10,10,48,0.2083,
L2,rebase_class:obsolete,5,5,48,0.1042,
L3,transitions,96,96,96,1.0,
L3,repairs_per_transition_mean,6.23,598,96,6.2292,
L3,repairs_per_transition_median,2,2,96,0.0208,
L3,transitions_with_repair,68,68,96,0.7083,
L3,rebase_class:direct_carry,19,19,96,0.1979,
L3,rebase_class:derivation_repair,29,29,96,0.3021,
L3,rebase_class:backend_replacement,26,26,96,0.2708,
L3,rebase_class:adapter_repair,2,2,96,0.0208,
L3,rebase_class:obsolete,17,17,96,0.1771,
L3,rebase_class:manual_reimplementation,3,3,96,0.0312,
all,transitions,187,187,187,1.0,
all,repairs_per_transition_mean,6.16,1151,187,6.1551,
all,repairs_per_transition_median,3,3,187,0.016,
all,transitions_with_repair,133,133,187,0.7112,
all,rebase_class:manual_reimplementation,15,15,187,0.0802,
all,rebase_class:adapter_repair,3,3,187,0.016,
all,rebase_class:direct_carry,38,38,187,0.2032,
all,rebase_class:backend_replacement,54,54,187,0.2888,
all,rebase_class:derivation_repair,45,45,187,0.2406,
all,rebase_class:obsolete,32,32,187,0.1711,
L1,artifact_transition_class:manual_reimplementation,1,1,1205,0.0008,
L1,artifact_transition_class:adapter_repair,64,64,1205,0.0531,
L1,artifact_transition_class:direct_carry,762,762,1205,0.6324,
L1,artifact_transition_class:backend_replacement,77,77,1205,0.0639,
L1,artifact_transition_class:derivation_repair,283,283,1205,0.2349,
L1,artifact_transition_class:obsolete,18,18,1205,0.0149,
L1,artifact_transition_direct_carry_textually_modified,288,288,1205,0.239,
L2,artifact_transition_class:direct_carry,467,467,852,0.5481,
L2,artifact_transition_class:manual_reimplementation,31,31,852,0.0364,
L2,artifact_transition_class:derivation_repair,228,228,852,0.2676,
L2,artifact_transition_class:backend_replacement,34,34,852,0.0399,
L2,artifact_transition_class:adapter_repair,68,68,852,0.0798,
L2,artifact_transition_class:obsolete,22,22,852,0.0258,
L2,artifact_transition_class:parameter_retune,2,2,852,0.0023,
L2,artifact_transition_direct_carry_textually_modified,256,256,852,0.3005,
L3,artifact_transition_class:direct_carry,2063,2063,2998,0.6881,
L3,artifact_transition_class:derivation_repair,556,556,2998,0.1855,
L3,artifact_transition_class:backend_replacement,127,127,2998,0.0424,
L3,artifact_transition_class:adapter_repair,168,168,2998,0.056,
L3,artifact_transition_class:obsolete,42,42,2998,0.014,
L3,artifact_transition_class:manual_reimplementation,36,36,2998,0.012,
L3,artifact_transition_class:parameter_retune,6,6,2998,0.002,
L3,artifact_transition_direct_carry_textually_modified,565,565,2998,0.1885,
all,artifact_transition_class:manual_reimplementation,68,68,5055,0.0135,
all,artifact_transition_class:adapter_repair,300,300,5055,0.0593,
all,artifact_transition_class:direct_carry,3292,3292,5055,0.6512,
all,artifact_transition_class:backend_replacement,238,238,5055,0.0471,
all,artifact_transition_class:derivation_repair,1067,1067,5055,0.2111,
all,artifact_transition_class:obsolete,82,82,5055,0.0162,
all,artifact_transition_class:parameter_retune,8,8,5055,0.0016,
all,artifact_transition_direct_carry_textually_modified,1109,1109,5055,0.2194,
L1,artifact_survival_k1_entry_cohort,0.9859,70,71,0.9859,
L1,artifact_survival_k1_all_present_releases,0.9894,1122,1134,0.9894,
L1,artifact_survival_k2_entry_cohort,0.9706,66,68,0.9706,
L1,artifact_survival_k2_all_present_releases,0.9795,1052,1074,0.9795,
L1,artifact_survival_k3_entry_cohort,0.9701,65,67,0.9701,
L1,artifact_survival_k3_all_present_releases,0.9695,986,1017,0.9695,
L2,artifact_survival_k1_entry_cohort,1.0,46,46,1.0,
L2,artifact_survival_k1_all_present_releases,0.9975,792,794,0.9975,
L2,artifact_survival_k2_entry_cohort,1.0,44,44,1.0,
L2,artifact_survival_k2_all_present_releases,0.9973,746,748,0.9973,
L2,artifact_survival_k3_entry_cohort,1.0,43,43,1.0,
L2,artifact_survival_k3_all_present_releases,0.9972,702,704,0.9972,
L3,artifact_survival_k1_entry_cohort,1.0,75,75,1.0,
L3,artifact_survival_k1_all_present_releases,0.9948,2879,2894,0.9948,
L3,artifact_survival_k2_entry_cohort,1.0,75,75,1.0,
L3,artifact_survival_k2_all_present_releases,0.9894,2803,2833,0.9894,
L3,artifact_survival_k3_entry_cohort,0.9865,73,74,0.9865,
L3,artifact_survival_k3_all_present_releases,0.9838,2727,2772,0.9838,
all,artifact_survival_k1_entry_cohort,0.9948,191,192,0.9948,
all,artifact_survival_k1_all_present_releases,0.994,4793,4822,0.994,
all,artifact_survival_k2_entry_cohort,0.9893,185,187,0.9893,
all,artifact_survival_k2_all_present_releases,0.9884,4601,4655,0.9884,
all,artifact_survival_k3_entry_cohort,0.9837,181,184,0.9837,
all,artifact_survival_k3_all_present_releases,0.9826,4415,4493,0.9826,
L1,move_survival_k1_entry_cohort,1.0,8,8,1.0,
L1,move_survival_k1_all_present_releases,0.9888,176,178,0.9888,
L1,move_survival_k2_entry_cohort,1.0,8,8,1.0,
L1,move_survival_k2_all_present_releases,0.9824,167,170,0.9824,
L1,move_survival_k3_entry_cohort,1.0,8,8,1.0,
L1,move_survival_k3_all_present_releases,0.9753,158,162,0.9753,
L2,move_survival_k1_entry_cohort,1.0,20,20,1.0,
L2,move_survival_k1_all_present_releases,0.9903,408,412,0.9903,
L2,move_survival_k2_entry_cohort,1.0,20,20,1.0,
L2,move_survival_k2_all_present_releases,0.9847,387,393,0.9847,
L2,move_survival_k3_entry_cohort,1.0,18,18,1.0,
L2,move_survival_k3_all_present_releases,0.9786,366,374,0.9786,
L3,move_survival_k1_entry_cohort,1.0,11,11,1.0,
L3,move_survival_k1_all_present_releases,0.9986,701,702,0.9986,
L3,move_survival_k2_entry_cohort,1.0,11,11,1.0,
L3,move_survival_k2_all_present_releases,0.9971,690,692,0.9971,
L3,move_survival_k3_entry_cohort,1.0,11,11,1.0,
L3,move_survival_k3_all_present_releases,0.9956,679,682,0.9956,
all,move_survival_k1_entry_cohort,1.0,39,39,1.0,
all,move_survival_k1_all_present_releases,0.9946,1285,1292,0.9946,
all,move_survival_k2_entry_cohort,1.0,39,39,1.0,
all,move_survival_k2_all_present_releases,0.9912,1244,1255,0.9912,
all,move_survival_k3_entry_cohort,1.0,37,37,1.0,
all,move_survival_k3_all_present_releases,0.9877,1203,1218,0.9877,
L1,artifact_unchanged_survival_k1_all_present_releases,0.4471,507,1134,0.4471,
L1,artifact_unchanged_survival_k2_all_present_releases,0.2821,303,1074,0.2821,
L1,artifact_unchanged_survival_k3_all_present_releases,0.2016,205,1017,0.2016,
L2,artifact_unchanged_survival_k1_all_present_releases,0.2783,221,794,0.2783,
L2,artifact_unchanged_survival_k2_all_present_releases,0.1297,97,748,0.1297,
L2,artifact_unchanged_survival_k3_all_present_releases,0.0866,61,704,0.0866,
L3,artifact_unchanged_survival_k1_all_present_releases,0.5335,1544,2894,0.5335,
L3,artifact_unchanged_survival_k2_all_present_releases,0.2873,814,2833,0.2873,
L3,artifact_unchanged_survival_k3_all_present_releases,0.1901,527,2772,0.1901,
all,artifact_unchanged_survival_k1_all_present_releases,0.4712,2272,4822,0.4712,
all,artifact_unchanged_survival_k2_all_present_releases,0.2608,1214,4655,0.2608,
all,artifact_unchanged_survival_k3_all_present_releases,0.1765,793,4493,0.1765,
L1,candidates,2391,2391,2391,1.0,
L1,candidate_label:related_context_only,1019,1019,2391,0.4262,
L1,candidate_label:verified_lineage_event,1100,1100,2391,0.4601,
L1,candidate_label:out_of_scope,198,198,2391,0.0828,
L1,candidate_label:name_collision,72,72,2391,0.0301,
L1,candidate_label:insufficient_evidence,2,2,2391,0.0008,
L1,candidate_status:screened,1283,1283,2391,0.5366,
L1,candidate_status:verified,1100,1100,2391,0.4601,
L1,candidate_status:adjudicated_cross_reference,8,8,2391,0.0033,
L1,discovery:dependency_pin,403,403,2391,0.1685,
L1,discovery:upstream_repo,3,3,2391,0.0013,
L1,discovery:release_notes,513,513,2391,0.2146,
L1,discovery:symbol_pickaxe,779,779,2391,0.3258,
L1,discovery:path_core,1259,1259,2391,0.5266,
L1,discovery:subject_keyword,566,566,2391,0.2367,
L1,discovery:path_integration+keyword,243,243,2391,0.1016,
L1,discovery:path_config_only,78,78,2391,0.0326,
L1,discovery:corpus:production-kernel-provenance,15,15,2391,0.0063,
L1,discovery:corpus:confirmed-reverts,37,37,2391,0.0155,
L1,discovery:cross_reference,26,26,2391,0.0109,
L1,discovery:corpus:kernel-correctness-cases,29,29,2391,0.0121,
L1,discovery:body_keyword,637,637,2391,0.2664,
L1,discovery:corpus:performance-pr-population,101,101,2391,0.0422,
L1,verified_single_strategy:upstream_repo,3,3,3,1.0,
L1,verified_single_strategy:path_core,246,246,443,0.5553,
L1,verified_single_strategy:symbol_pickaxe,32,32,185,0.173,
L1,verified_single_strategy:cross_reference,10,10,12,0.8333,
L1,verified_single_strategy:dependency_pin,16,16,335,0.0478,
L1,verified_single_strategy:body_keyword,23,23,244,0.0943,
L1,verified_single_strategy:release_notes,1,1,21,0.0476,
L1,verified_single_strategy:subject_keyword,1,1,13,0.0769,
L1,artifacts_registered,88,88,88,1.0,
L1,artifacts_live_at_cutoff,81,81,88,0.9205,
L1,artifacts_ended,7,7,88,0.0795,
L1,artifacts_upstream,10,10,88,0.1136,
L1,edges,1627,1627,1627,1.0,
L1,edge_type:textual_successor,1356,1356,1627,0.8334,
L1,edge_type:ported_from,17,17,1627,0.0104,
L1,edge_type:replaces,15,15,1627,0.0092,
L1,edge_type:repairs,105,105,1627,0.0645,
L1,edge_type:reverts,42,42,1627,0.0258,
L1,edge_type:optimized_from,24,24,1627,0.0148,
L1,edge_type:integrates,32,32,1627,0.0197,
L1,edge_type:relands,25,25,1627,0.0154,
L1,edge_type:historical_connection_uncertain,8,8,1627,0.0049,
L1,edge_type:shares_optimization_move,1,1,1627,0.0006,
L1,edge_type:reimplementation_of,2,2,1627,0.0012,
L1,cross_repo_edges,15,15,1627,0.0092,
L1,cross_lineage_edges,1,1,1627,0.0006,
L1,events_with_moves,162,162,1100,0.1473,
L1,key_events,377,377,1100,0.3427,
L1,events_hardware_specific,628,628,1100,0.5709,
L1,events_perf_claim,452,452,1100,0.4109,
L1,events_correctness_evidence,804,804,1100,0.7309,
L1,events_default_change,108,108,1100,0.0982,
L1,events_integration_change,938,938,1100,0.8527,
L1,confidence:high,844,844,1100,0.7673,
L1,confidence:medium,254,254,1100,0.2309,
L1,confidence:low,2,2,1100,0.0018,
L1,spec_requirement:newly_supported,313,313,1100,0.2845,
L1,spec_requirement:cache_representation,6,6,1100,0.0055,
L1,spec_requirement:shapes_layouts_dtypes,16,16,1100,0.0145,
L1,spec_requirement:numerical_behavior,14,14,1100,0.0127,
L1,spec_requirement:error_fallback,1,1,1100,0.0009,
L1,spec_requirement:quantization_scaling,15,15,1100,0.0136,
L1,spec_requirement:distributed_semantics,8,8,1100,0.0073,
L1,spec_requirement:stream_sync_aliasing,4,4,1100,0.0036,
L1,spec_requirement:math_operation,1,1,1100,0.0009,
L1,release_route:branch_point,995,995,1100,0.9045,
L1,release_route:kernel_wheel,27,27,1100,0.0245,
L1,release_route:cherry_pick,12,12,1100,0.0109,
L1,release_route:unreleased_at_cutoff,65,65,1100,0.0591,
L1,release_route:wheel_not_built_by_cutoff,1,1,1100,0.0009,
L2,candidates,1621,1621,1621,1.0,
L2,candidate_label:related_context_only,673,673,1621,0.4152,
L2,candidate_label:verified_lineage_event,653,653,1621,0.4028,
L2,candidate_label:out_of_scope,278,278,1621,0.1715,
L2,candidate_label:name_collision,16,16,1621,0.0099,
L2,candidate_label:insufficient_evidence,1,1,1621,0.0006,
L2,candidate_status:screened,959,959,1621,0.5916,
L2,candidate_status:verified,653,653,1621,0.4028,
L2,candidate_status:adjudicated_cross_reference,8,8,1621,0.0049,
L2,candidate_status:rejected_stage2,1,1,1621,0.0006,
L2,discovery:dependency_pin,375,375,1621,0.2313,
L2,discovery:symbol_pickaxe,493,493,1621,0.3041,
L2,discovery:release_notes,274,274,1621,0.169,
L2,discovery:path_integration+keyword,241,241,1621,0.1487,
L2,discovery:subject_keyword,340,340,1621,0.2097,
L2,discovery:path_core,405,405,1621,0.2498,
L2,discovery:corpus:production-kernel-provenance,8,8,1621,0.0049,
L2,discovery:corpus:confirmed-reverts,16,16,1621,0.0099,
L2,discovery:corpus:kernel-correctness-cases,19,19,1621,0.0117,
L2,discovery:cross_reference,21,21,1621,0.013,
L2,discovery:body_keyword,656,656,1621,0.4047,
L2,discovery:corpus:performance-pr-population,66,66,1621,0.0407,
L2,verified_single_strategy:symbol_pickaxe,55,55,198,0.2778,
L2,verified_single_strategy:release_notes,6,6,27,0.2222,
L2,verified_single_strategy:path_core,57,57,123,0.4634,
L2,verified_single_strategy:dependency_pin,14,14,339,0.0413,
L2,verified_single_strategy:corpus:kernel-correctness-cases,3,3,3,1.0,
L2,verified_single_strategy:body_keyword,103,103,361,0.2853,
L2,verified_single_strategy:subject_keyword,5,5,12,0.4167,
L2,verified_single_strategy:cross_reference,9,9,13,0.6923,
L2,artifacts_registered,57,57,57,1.0,
L2,artifacts_live_at_cutoff,54,54,57,0.9474,
L2,artifacts_ended,3,3,57,0.0526,
L2,artifacts_upstream,7,7,57,0.1228,
L2,edges,1155,1155,1155,1.0,
L2,edge_type:textual_successor,1022,1022,1155,0.8848,
L2,edge_type:optimized_from,20,20,1155,0.0173,
L2,edge_type:historical_connection_uncertain,2,2,1155,0.0017,
L2,edge_type:replaces,6,6,1155,0.0052,
L2,edge_type:repairs,44,44,1155,0.0381,
L2,edge_type:integrates,26,26,1155,0.0225,
L2,edge_type:reverts,15,15,1155,0.013,
L2,edge_type:relands,14,14,1155,0.0121,
L2,edge_type:wraps,1,1,1155,0.0009,
L2,edge_type:ported_from,5,5,1155,0.0043,
L2,cross_repo_edges,3,3,1155,0.0026,
L2,cross_lineage_edges,5,5,1155,0.0043,
L2,events_with_moves,83,83,653,0.1271,
L2,key_events,252,252,653,0.3859,
L2,events_hardware_specific,436,436,653,0.6677,
L2,events_perf_claim,317,317,653,0.4855,
L2,events_correctness_evidence,438,438,653,0.6708,
L2,events_default_change,66,66,653,0.1011,
L2,events_integration_change,443,443,653,0.6784,
L2,confidence:high,486,486,653,0.7443,
L2,confidence:medium,167,167,653,0.2557,
L2,spec_requirement:cache_representation,41,41,653,0.0628,
L2,spec_requirement:newly_supported,164,164,653,0.2511,
L2,spec_requirement:quantization_scaling,15,15,653,0.023,
L2,spec_requirement:numerical_behavior,3,3,653,0.0046,
L2,spec_requirement:error_fallback,3,3,653,0.0046,
L2,spec_requirement:shapes_layouts_dtypes,14,14,653,0.0214,
L2,spec_requirement:implementation_contract,12,12,653,0.0184,
L2,spec_requirement:distributed_semantics,11,11,653,0.0168,
L2,spec_requirement:graph_compile_protocol,3,3,653,0.0046,
L2,release_route:branch_point,593,593,653,0.9081,
L2,release_route:kernel_wheel,12,12,653,0.0184,
L2,release_route:cherry_pick,9,9,653,0.0138,
L2,release_route:wheel_not_built_by_cutoff,2,2,653,0.0031,
L2,release_route:unreleased_at_cutoff,37,37,653,0.0567,
L3,candidates,3950,3950,3950,1.0,
L3,candidate_label:related_context_only,1071,1071,3950,0.2711,
L3,candidate_label:verified_lineage_event,1528,1528,3950,0.3868,
L3,candidate_label:out_of_scope,1267,1267,3950,0.3208,
L3,candidate_label:name_collision,84,84,3950,0.0213,
L3,candidate_status:screened,2345,2345,3950,0.5937,
L3,candidate_status:verified,1528,1528,3950,0.3868,
L3,candidate_status:adjudicated_cross_reference,28,28,3950,0.0071,
L3,candidate_status:rejected_stage2,2,2,3950,0.0005,
L3,candidate_status:rejected_reconciliation,47,47,3950,0.0119,
L3,discovery:path_core,1864,1864,3950,0.4719,
L3,discovery:path_integration+keyword,457,457,3950,0.1157,
L3,discovery:subject_keyword,1221,1221,3950,0.3091,
L3,discovery:release_notes,1856,1856,3950,0.4699,
L3,discovery:body_keyword,1416,1416,3950,0.3585,
L3,discovery:symbol_pickaxe,487,487,3950,0.1233,
L3,discovery:dependency_pin,248,248,3950,0.0628,
L3,discovery:cross_reference,44,44,3950,0.0111,
L3,discovery:corpus:production-kernel-provenance,24,24,3950,0.0061,
L3,discovery:corpus:kernel-correctness-cases,55,55,3950,0.0139,
L3,discovery:corpus:confirmed-reverts,35,35,3950,0.0089,
L3,discovery:corpus:performance-pr-population,177,177,3950,0.0448,
L3,verified_single_strategy:path_core,300,300,632,0.4747,
L3,verified_single_strategy:subject_keyword,8,8,61,0.1311,
L3,verified_single_strategy:symbol_pickaxe,5,5,32,0.1562,
L3,verified_single_strategy:dependency_pin,9,9,75,0.12,
L3,verified_single_strategy:cross_reference,6,6,18,0.3333,
L3,verified_single_strategy:release_notes,31,31,795,0.039,
L3,verified_single_strategy:body_keyword,40,40,574,0.0697,
L3,artifacts_registered,87,87,87,1.0,
L3,artifacts_live_at_cutoff,70,70,87,0.8046,
L3,artifacts_ended,17,17,87,0.1954,
L3,artifacts_upstream,5,5,87,0.0575,
L3,edges,2584,2584,2584,1.0,
L3,edge_type:textual_successor,2238,2238,2584,0.8661,
L3,edge_type:repairs,168,168,2584,0.065,
L3,edge_type:replaces,17,17,2584,0.0066,
L3,edge_type:reverts,37,37,2584,0.0143,
L3,edge_type:integrates,31,31,2584,0.012,
L3,edge_type:relands,22,22,2584,0.0085,
L3,edge_type:optimized_from,35,35,2584,0.0135,
L3,edge_type:ported_from,8,8,2584,0.0031,
L3,edge_type:reimplementation_of,9,9,2584,0.0035,
L3,edge_type:historical_connection_uncertain,19,19,2584,0.0074,
L3,cross_repo_edges,1,1,2584,0.0004,
L3,cross_lineage_edges,1,1,2584,0.0004,
L3,events_with_moves,358,358,1528,0.2343,
L3,key_events,437,437,1528,0.286,
L3,events_hardware_specific,925,925,1528,0.6054,
L3,events_perf_claim,527,527,1528,0.3449,
L3,events_correctness_evidence,1274,1274,1528,0.8338,
L3,events_default_change,169,169,1528,0.1106,
L3,events_integration_change,1200,1200,1528,0.7853,
L3,confidence:high,1137,1137,1528,0.7441,
L3,confidence:medium,387,387,1528,0.2533,
L3,confidence:low,4,4,1528,0.0026,
L3,spec_requirement:cache_representation,62,62,1528,0.0406,
L3,spec_requirement:newly_supported,310,310,1528,0.2029,
L3,spec_requirement:shapes_layouts_dtypes,38,38,1528,0.0249,
L3,spec_requirement:quantization_scaling,30,30,1528,0.0196,
L3,spec_requirement:graph_compile_protocol,16,16,1528,0.0105,
L3,spec_requirement:math_operation,7,7,1528,0.0046,
L3,spec_requirement:numerical_behavior,17,17,1528,0.0111,
L3,spec_requirement:error_fallback,7,7,1528,0.0046,
L3,spec_requirement:distributed_semantics,19,19,1528,0.0124,
L3,spec_requirement:stream_sync_aliasing,3,3,1528,0.002,
L3,release_route:branch_point,1252,1252,1528,0.8194,
L3,release_route:branch_point_tag_moved,178,178,1528,0.1165,
L3,release_route:cherry_pick,29,29,1528,0.019,
L3,release_route:cherry_pick_tag_moved,9,9,1528,0.0059,
L3,release_route:unreleased_at_cutoff,60,60,1528,0.0393,
all,candidates,7962,7962,7962,1.0,
all,candidate_label:related_context_only,2763,2763,7962,0.347,
all,candidate_label:verified_lineage_event,3281,3281,7962,0.4121,
all,candidate_label:out_of_scope,1743,1743,7962,0.2189,
all,candidate_label:name_collision,172,172,7962,0.0216,
all,candidate_label:insufficient_evidence,3,3,7962,0.0004,
all,candidate_status:screened,4587,4587,7962,0.5761,
all,candidate_status:verified,3281,3281,7962,0.4121,
all,candidate_status:adjudicated_cross_reference,44,44,7962,0.0055,
all,candidate_status:rejected_stage2,3,3,7962,0.0004,
all,candidate_status:rejected_reconciliation,47,47,7962,0.0059,
all,discovery:dependency_pin,1026,1026,7962,0.1289,
all,discovery:upstream_repo,3,3,7962,0.0004,
all,discovery:release_notes,2643,2643,7962,0.332,
all,discovery:symbol_pickaxe,1759,1759,7962,0.2209,
all,discovery:path_core,3528,3528,7962,0.4431,
all,discovery:subject_keyword,2127,2127,7962,0.2671,
all,discovery:path_integration+keyword,941,941,7962,0.1182,
all,discovery:path_config_only,78,78,7962,0.0098,
all,discovery:corpus:production-kernel-provenance,47,47,7962,0.0059,
all,discovery:corpus:confirmed-reverts,88,88,7962,0.0111,
all,discovery:cross_reference,91,91,7962,0.0114,
all,discovery:corpus:kernel-correctness-cases,103,103,7962,0.0129,
all,discovery:body_keyword,2709,2709,7962,0.3402,
all,discovery:corpus:performance-pr-population,344,344,7962,0.0432,
all,verified_single_strategy:upstream_repo,3,3,3,1.0,
all,verified_single_strategy:path_core,603,603,1198,0.5033,
all,verified_single_strategy:symbol_pickaxe,92,92,415,0.2217,
all,verified_single_strategy:cross_reference,25,25,43,0.5814,
all,verified_single_strategy:dependency_pin,39,39,749,0.0521,
all,verified_single_strategy:body_keyword,166,166,1179,0.1408,
all,verified_single_strategy:release_notes,38,38,843,0.0451,
all,verified_single_strategy:subject_keyword,14,14,86,0.1628,
all,verified_single_strategy:corpus:kernel-correctness-cases,3,3,6,0.5,
all,artifacts_registered,232,232,232,1.0,
all,artifacts_live_at_cutoff,205,205,232,0.8836,
all,artifacts_ended,27,27,232,0.1164,
all,artifacts_upstream,22,22,232,0.0948,
all,edges,5366,5366,5366,1.0,
all,edge_type:textual_successor,4616,4616,5366,0.8602,
all,edge_type:ported_from,30,30,5366,0.0056,
all,edge_type:replaces,38,38,5366,0.0071,
all,edge_type:repairs,317,317,5366,0.0591,
all,edge_type:reverts,94,94,5366,0.0175,
all,edge_type:optimized_from,79,79,5366,0.0147,
all,edge_type:integrates,89,89,5366,0.0166,
all,edge_type:relands,61,61,5366,0.0114,
all,edge_type:historical_connection_uncertain,29,29,5366,0.0054,
all,edge_type:shares_optimization_move,1,1,5366,0.0002,
all,edge_type:reimplementation_of,11,11,5366,0.002,
all,edge_type:wraps,1,1,5366,0.0002,
all,cross_repo_edges,19,19,5366,0.0035,
all,cross_lineage_edges,7,7,5366,0.0013,
all,events_with_moves,603,603,3281,0.1838,
all,key_events,1066,1066,3281,0.3249,
all,events_hardware_specific,1989,1989,3281,0.6062,
all,events_perf_claim,1296,1296,3281,0.395,
all,events_correctness_evidence,2516,2516,3281,0.7668,
all,events_default_change,343,343,3281,0.1045,
all,events_integration_change,2581,2581,3281,0.7867,
all,confidence:high,2467,2467,3281,0.7519,
all,confidence:medium,808,808,3281,0.2463,
all,confidence:low,6,6,3281,0.0018,
all,spec_requirement:newly_supported,787,787,3281,0.2399,
all,spec_requirement:cache_representation,109,109,3281,0.0332,
all,spec_requirement:shapes_layouts_dtypes,68,68,3281,0.0207,
all,spec_requirement:numerical_behavior,34,34,3281,0.0104,
all,spec_requirement:error_fallback,11,11,3281,0.0034,
all,spec_requirement:quantization_scaling,60,60,3281,0.0183,
all,spec_requirement:distributed_semantics,38,38,3281,0.0116,
all,spec_requirement:stream_sync_aliasing,7,7,3281,0.0021,
all,spec_requirement:math_operation,8,8,3281,0.0024,
all,spec_requirement:implementation_contract,12,12,3281,0.0037,
all,spec_requirement:graph_compile_protocol,19,19,3281,0.0058,
all,release_route:branch_point,2840,2840,3281,0.8656,
all,release_route:kernel_wheel,39,39,3281,0.0119,
all,release_route:cherry_pick,50,50,3281,0.0152,
all,release_route:unreleased_at_cutoff,162,162,3281,0.0494,
all,release_route:wheel_not_built_by_cutoff,3,3,3281,0.0009,
all,release_route:branch_point_tag_moved,178,178,3281,0.0543,
all,release_route:cherry_pick_tag_moved,9,9,3281,0.0027,
L1,move_coded_events:M-L1-align-block-padding,18,18,18,1.0,
L1,move_repair_events:M-L1-align-block-padding,2,2,18,0.1111,
L1,move_coded_events:M-L1-align-two-phase-shared-cumsum,19,19,19,1.0,
L1,move_repair_events:M-L1-align-two-phase-shared-cumsum,3,3,19,0.1579,
L1,move_coded_events:M-L1-align-decode-fastpaths,3,3,3,1.0,
L1,move_repair_events:M-L1-align-decode-fastpaths,0,0,3,0.0,
L1,move_coded_events:M-L1-routing-fused-gate-topk,56,56,56,1.0,
L1,move_repair_events:M-L1-routing-fused-gate-topk,5,5,56,0.0893,
L1,move_coded_events:M-L1-routing-scale-fusion,21,21,21,1.0,
L1,move_repair_events:M-L1-routing-scale-fusion,7,7,21,0.3333,
L1,move_coded_events:M-L1-reduce-topk-sum-fusion,15,15,15,1.0,
L1,move_repair_events:M-L1-reduce-topk-sum-fusion,2,2,15,0.1333,
L1,move_coded_events:M-L1-fused-moe-triton-tiled-pipeline,11,11,11,1.0,
L1,move_repair_events:M-L1-fused-moe-triton-tiled-pipeline,1,1,11,0.0909,
L1,move_coded_events:M-L1-ep-deepep-reorder-layout,33,33,33,1.0,
L1,move_repair_events:M-L1-ep-deepep-reorder-layout,2,2,33,0.0606,
L2,move_coded_events:M-L2-absorbed-latent-mqa-decode,3,3,3,1.0,
L2,move_repair_events:M-L2-absorbed-latent-mqa-decode,0,0,3,0.0,
L2,move_coded_events:M-L2-prefill-without-absorption,2,2,2,1.0,
L2,move_repair_events:M-L2-prefill-without-absorption,0,0,2,0.0,
L2,move_coded_events:M-L2-split-kv-lse-dynamic-decode,4,4,4,1.0,
L2,move_repair_events:M-L2-split-kv-lse-dynamic-decode,1,1,4,0.25,
L2,move_coded_events:M-L2-flashinfer-plan-run-graph,10,10,10,1.0,
L2,move_repair_events:M-L2-flashinfer-plan-run-graph,1,1,10,0.1,
L2,move_coded_events:M-L2-flashinfer-ragged-prefill,4,4,4,1.0,
L2,move_repair_events:M-L2-flashinfer-ragged-prefill,1,1,4,0.25,
L2,move_coded_events:M-L2-flashmla-tile-metadata,13,13,13,1.0,
L2,move_repair_events:M-L2-flashmla-tile-metadata,0,0,13,0.0,
L2,move_coded_events:M-L2-paged-latent-kv-fused-writes,16,16,16,1.0,
L2,move_repair_events:M-L2-paged-latent-kv-fused-writes,1,1,16,0.0625,
L2,move_coded_events:M-L2-fa3-hopper-mla,4,4,4,1.0,
L2,move_repair_events:M-L2-fa3-hopper-mla,0,0,4,0.0,
L2,move_coded_events:M-L2-rocm-fused-rope-decode,2,2,2,1.0,
L2,move_repair_events:M-L2-rocm-fused-rope-decode,0,0,2,0.0,
L2,move_coded_events:M-L2-cutlass-sm100-persistent-mla,3,3,3,1.0,
L2,move_repair_events:M-L2-cutlass-sm100-persistent-mla,1,1,3,0.3333,
L2,move_coded_events:M-L2-trtllm-gen-mla-flashinfer,4,4,4,1.0,
L2,move_repair_events:M-L2-trtllm-gen-mla-flashinfer,0,0,4,0.0,
L2,move_coded_events:M-L2-fused-absorb-q-concat,3,3,3,1.0,
L2,move_repair_events:M-L2-fused-absorb-q-concat,1,1,3,0.3333,
L2,move_coded_events:M-L2-cutlass-concat-free-q-interface,2,2,2,1.0,
L2,move_repair_events:M-L2-cutlass-concat-free-q-interface,0,0,2,0.0,
L2,move_coded_events:M-L2-dcp-a2a-pack-lse-fusion,2,2,2,1.0,
L2,move_repair_events:M-L2-dcp-a2a-pack-lse-fusion,0,0,2,0.0,
L2,move_coded_events:M-L2-fused-mla-k-concat,2,2,2,1.0,
L2,move_repair_events:M-L2-fused-mla-k-concat,0,0,2,0.0,
L2,move_coded_events:M-L2-grouped-head-shared-kv-verify,2,2,2,1.0,
L2,move_repair_events:M-L2-grouped-head-shared-kv-verify,0,0,2,0.0,
L2,move_coded_events:M-L2-nonpaged-c4-indexer-gather,2,2,2,1.0,
L2,move_repair_events:M-L2-nonpaged-c4-indexer-gather,0,0,2,0.0,
L2,move_coded_events:M-L2-separate-q-nope-q-rope-interface,2,2,2,1.0,
L2,move_repair_events:M-L2-separate-q-nope-q-rope-interface,0,0,2,0.0,
L2,move_coded_events:M-L2-skip-ragged-prefill-lse-no-prefix,2,2,2,1.0,
L2,move_repair_events:M-L2-skip-ragged-prefill-lse-no-prefix,0,0,2,0.0,
L2,move_coded_events:M-L2-swa-ring-reprefill-tail,2,2,2,1.0,
L2,move_repair_events:M-L2-swa-ring-reprefill-tail,1,1,2,0.5,
L3,move_coded_events:M-L3-paged-kv-block-table-layout,31,31,31,1.0,
L3,move_repair_events:M-L3-paged-kv-block-table-layout,7,7,31,0.2258,
L3,move_coded_events:M-L3-pagedattention-v1-single-cta,5,5,5,1.0,
L3,move_repair_events:M-L3-pagedattention-v1-single-cta,0,0,5,0.0,
L3,move_coded_events:M-L3-pagedattention-v2-split-kv-reduce,20,20,20,1.0,
L3,move_repair_events:M-L3-pagedattention-v2-split-kv-reduce,4,4,20,0.2,
L3,move_coded_events:M-L3-flashattention-paged-online-softmax,22,22,22,1.0,
L3,move_repair_events:M-L3-flashattention-paged-online-softmax,0,0,22,0.0,
L3,move_coded_events:M-L3-flashinfer-plan-cascade,22,22,22,1.0,
L3,move_repair_events:M-L3-flashinfer-plan-cascade,2,2,22,0.0909,
L3,move_coded_events:M-L3-flashinfer-trtllm-xqa-decode,17,17,17,1.0,
L3,move_repair_events:M-L3-flashinfer-trtllm-xqa-decode,4,4,17,0.2353,
L3,move_coded_events:M-L3-triton-unified-paged-attention,19,19,19,1.0,
L3,move_repair_events:M-L3-triton-unified-paged-attention,4,4,19,0.2105,
L3,move_coded_events:M-L3-rocm-mfma-paged-attention,34,34,34,1.0,
L3,move_repair_events:M-L3-rocm-mfma-paged-attention,3,3,34,0.0882,
L3,move_coded_events:M-L3-mla-weight-absorption-schedulers,44,44,44,1.0,
L3,move_repair_events:M-L3-mla-weight-absorption-schedulers,4,4,44,0.0909,
L3,move_coded_events:M-L3-fp8-kv-cache-scales,68,68,68,1.0,
L3,move_repair_events:M-L3-fp8-kv-cache-scales,10,10,68,0.1471,
L3,move_coded_events:M-L3-cudagraph-static-metadata,91,91,91,1.0,
L3,move_repair_events:M-L3-cudagraph-static-metadata,32,32,91,0.3516,
L1,moves_with_repair_events,7,7,8,0.875,
L1,move_tagged_repair_events,21,21,162,0.1296,
L2,moves_with_repair_events,7,7,20,0.35,
L2,move_tagged_repair_events,7,7,83,0.0843,
L3,moves_with_repair_events,9,9,11,0.8182,
L3,move_tagged_repair_events,70,70,358,0.1955,
all,moves_with_repair_events,23,23,39,0.5897,
all,move_tagged_repair_events,98,98,603,0.1625,
L1,moves,8,8,8,1.0,
L1,moves_with_biography,5,5,8,0.625,
L1,moves_cross_repo,6,6,8,0.75,
L1,moves_with_unacknowledged_recurrence,0,0,8,0.0,
L1,move_status:live_textual,8,8,8,1.0,
L2,moves,20,20,20,1.0,
L2,moves_with_biography,5,5,20,0.25,
L2,moves_cross_repo,9,9,20,0.45,
L2,moves_with_unacknowledged_recurrence,0,0,20,0.0,
L2,move_status:live_textual_refactored,1,1,20,0.05,
L2,move_status:live_textual,17,17,20,0.85,
L2,move_status:removed_textually_in_sglang_concept_reappears_in_vllm,1,1,20,0.05,
L2,move_status:removed,1,1,20,0.05,
L3,moves,11,11,11,1.0,
L3,moves_with_biography,11,11,11,1.0,
L3,moves_cross_repo,5,5,11,0.4545,
L3,moves_with_unacknowledged_recurrence,4,4,11,0.3636,
L3,move_status:live_textual,9,9,11,0.8182,
L3,move_status:removed,1,1,11,0.0909,
L3,move_status:live_textual_rocm_and_conceptual_cuda_replacements,1,1,11,0.0909,
all,moves,39,39,39,1.0,
all,moves_with_biography,21,21,39,0.5385,
all,moves_cross_repo,20,20,39,0.5128,
all,moves_with_unacknowledged_recurrence,4,4,39,0.1026,
all,move_status:live_textual,34,34,39,0.8718,
all,move_status:live_textual_refactored,1,1,39,0.0256,
all,move_status:removed_textually_in_sglang_concept_reappears_in_vllm,1,1,39,0.0256,
all,move_status:removed,2,2,39,0.0513,
all,move_status:live_textual_rocm_and_conceptual_cuda_replacements,1,1,39,0.0256,
L1,audited_assumptions,28,28,28,1.0,
L1,assumption_status:derived,21,21,28,0.75,
L1,assumption_status:specified_guarantee,6,6,28,0.2143,
L1,assumption_status:tested_only,1,1,28,0.0357,
L1,assumption_kind:semantic,15,15,28,0.5357,
L1,assumption_kind:hardware,6,6,28,0.2143,
L1,assumption_kind:programming_model,2,2,28,0.0714,
L1,assumption_kind:numerical,1,1,28,0.0357,
L1,assumption_kind:framework,3,3,28,0.1071,
L1,assumption_kind:library_contract,1,1,28,0.0357,
L1,hw_assumption_status:specified_guarantee,5,5,8,0.625,
L1,hw_assumption_status:tested_only,1,1,8,0.125,
L1,hw_assumption_status:derived,2,2,8,0.25,
L2,audited_assumptions,71,71,71,1.0,
L2,assumption_status:derived,37,37,71,0.5211,
L2,assumption_status:specified_guarantee,9,9,71,0.1268,
L2,assumption_status:unclear,11,11,71,0.1549,
L2,assumption_status:tested_only,13,13,71,0.1831,
L2,assumption_status:undocumented_behavior,1,1,71,0.0141,
L2,assumption_kind:semantic,28,28,71,0.3944,
L2,assumption_kind:numerical,5,5,71,0.0704,
L2,assumption_kind:library_contract,11,11,71,0.1549,
L2,assumption_kind:framework,21,21,71,0.2958,
L2,assumption_kind:programming_model,3,3,71,0.0423,
L2,assumption_kind:hardware,3,3,71,0.0423,
L2,hw_assumption_status:specified_guarantee,3,3,6,0.5,
L2,hw_assumption_status:derived,3,3,6,0.5,
L3,audited_assumptions,44,44,44,1.0,
L3,assumption_status:derived,24,24,44,0.5455,
L3,assumption_status:specified_guarantee,14,14,44,0.3182,
L3,assumption_status:tested_only,3,3,44,0.0682,
L3,assumption_status:undocumented_behavior,1,1,44,0.0227,
L3,assumption_status:unclear,2,2,44,0.0455,
L3,assumption_kind:semantic,13,13,44,0.2955,
L3,assumption_kind:programming_model,4,4,44,0.0909,
L3,assumption_kind:library_contract,8,8,44,0.1818,
L3,assumption_kind:hardware,9,9,44,0.2045,
L3,assumption_kind:numerical,4,4,44,0.0909,
L3,assumption_kind:framework,6,6,44,0.1364,
L3,hw_assumption_status:specified_guarantee,7,7,13,0.5385,
L3,hw_assumption_status:derived,3,3,13,0.2308,
L3,hw_assumption_status:undocumented_behavior,1,1,13,0.0769,
L3,hw_assumption_status:unclear,2,2,13,0.1538,
all,audited_assumptions,143,143,143,1.0,
all,assumption_status:derived,82,82,143,0.5734,
all,assumption_status:specified_guarantee,29,29,143,0.2028,
all,assumption_status:tested_only,17,17,143,0.1189,
all,assumption_status:unclear,13,13,143,0.0909,
all,assumption_status:undocumented_behavior,2,2,143,0.014,
all,assumption_kind:semantic,56,56,143,0.3916,
all,assumption_kind:hardware,18,18,143,0.1259,
all,assumption_kind:programming_model,9,9,143,0.0629,
all,assumption_kind:numerical,10,10,143,0.0699,
all,assumption_kind:framework,30,30,143,0.2098,
all,assumption_kind:library_contract,20,20,143,0.1399,
all,hw_assumption_status:specified_guarantee,15,15,27,0.5556,
all,hw_assumption_status:tested_only,1,1,27,0.037,
all,hw_assumption_status:derived,8,8,27,0.2963,
all,hw_assumption_status:undocumented_behavior,1,1,27,0.037,
all,hw_assumption_status:unclear,2,2,27,0.0741,
L1,failure_census:linked_failures,168,168,,,
L1,failure_census:with_introducing_change,134,134,,,
L1,failure_census:reverts,32,32,,,
L1,failure_census:relands,13,13,,,
L2,failure_census:linked_failures,74,74,,,
L2,failure_census:with_introducing_change,57,57,,,
L2,failure_census:reverts,14,14,,,
L2,failure_census:relands,10,10,,,
L3,failure_census:linked_failures,76,76,,,
L3,failure_census:with_introducing_change,44,44,,,
L3,failure_census:reverts,35,35,,,
L3,failure_census:relands,19,19,,,
L1,failure_histories,4,4,4,1.0,
L1,failure_histories_no_durable_encoding,1,1,4,0.25,
L1,failure_histories_encoding:test,2,2,4,0.5,
L1,failure_histories_encoding:guard,3,3,4,0.75,
L1,failure_histories_encoding:comment,1,1,4,0.25,
L1,failure_histories_encoding:documented_requirement,0,0,4,0.0,
L1,failure_histories_encoding:abstraction,0,0,4,0.0,
L1,failure_scope:implementation,1,1,4,0.25,
L1,failure_scope:partial_domain,2,2,4,0.5,
L1,failure_scope:adapter,1,1,4,0.25,
L1,failure_histories_repeat_assumption,0,0,4,0.0,
L1,failure_histories_repeat_possible,0,0,4,0.0,
L1,failure_histories_repeat_none_found,4,4,4,1.0,
L2,failure_histories,4,4,4,1.0,
L2,failure_histories_no_durable_encoding,1,1,4,0.25,
L2,failure_histories_encoding:test,1,1,4,0.25,
L2,failure_histories_encoding:guard,2,2,4,0.5,
L2,failure_histories_encoding:comment,3,3,4,0.75,
L2,failure_histories_encoding:documented_requirement,0,0,4,0.0,
L2,failure_histories_encoding:abstraction,1,1,4,0.25,
L2,failure_scope:partial_domain,2,2,4,0.5,
L2,failure_scope:implementation,1,1,4,0.25,
L2,failure_scope:adapter,1,1,4,0.25,
L2,failure_histories_repeat_assumption,0,0,4,0.0,
L2,failure_histories_repeat_possible,1,1,4,0.25,
L2,failure_histories_repeat_none_found,3,3,4,0.75,
L3,failure_histories,4,4,4,1.0,
L3,failure_histories_no_durable_encoding,0,0,4,0.0,
L3,failure_histories_encoding:test,3,3,4,0.75,
L3,failure_histories_encoding:guard,2,2,4,0.5,
L3,failure_histories_encoding:comment,3,3,4,0.75,
L3,failure_histories_encoding:documented_requirement,0,0,4,0.0,
L3,failure_histories_encoding:abstraction,1,1,4,0.25,
L3,failure_scope:partial_domain,2,2,4,0.5,
L3,failure_scope:adapter,2,2,4,0.5,
L3,failure_histories_repeat_assumption,1,1,4,0.25,
L3,failure_histories_repeat_possible,0,0,4,0.0,
L3,failure_histories_repeat_none_found,3,3,4,0.75,
all,failure_histories,12,12,12,1.0,
all,failure_histories_no_durable_encoding,2,2,12,0.1667,
all,failure_histories_encoding:test,6,6,12,0.5,
all,failure_histories_encoding:guard,7,7,12,0.5833,
all,failure_histories_encoding:comment,7,7,12,0.5833,
all,failure_histories_encoding:documented_requirement,0,0,12,0.0,
all,failure_histories_encoding:abstraction,2,2,12,0.1667,
all,failure_scope:implementation,2,2,12,0.1667,
all,failure_scope:partial_domain,6,6,12,0.5,
all,failure_scope:adapter,4,4,12,0.3333,
all,failure_histories_repeat_assumption,1,1,12,0.0833,
all,failure_histories_repeat_possible,1,1,12,0.0833,
all,failure_histories_repeat_none_found,10,10,12,0.8333,
