repo,tag,seq,final,prerelease,release_date,release_date_source,published_at,tag_moved_after_publication,commit,commit_date,on_main,branch_point,branch_point_date,side_commits,n_cherry_pick_prs,prev_final,release_url
sglang,v0.1.5,1,True,False,2024-01-18T02:40:44Z,github_published_at,2024-01-18T02:40:44Z,False,22ec7bc2a1a0849870323cffa98cf7abf7d416ff,2024-01-17T18:37:02-08:00,True,22ec7bc2a1a0849870323cffa98cf7abf7d416ff,2024-01-17T18:37:02-08:00,0,0,,https://github.com/sgl-project/sglang/releases/tag/v0.1.5
sglang,v0.1.6,2,True,False,2024-01-21T10:09:46Z,github_published_at,2024-01-21T10:09:46Z,False,cc3ada983f6445f98a88fa890a8130f40eb0f2af,2024-01-21T01:45:02-08:00,True,cc3ada983f6445f98a88fa890a8130f40eb0f2af,2024-01-21T01:45:02-08:00,0,0,v0.1.5,https://github.com/sgl-project/sglang/releases/tag/v0.1.6
sglang,v0.1.11,3,True,False,2024-02-03T10:57:53Z,github_published_at,2024-02-03T10:57:53Z,False,f6bfe3aaff6fc9c80ed632646c8db06f4a6c0048,2024-02-03T02:50:13-08:00,True,f6bfe3aaff6fc9c80ed632646c8db06f4a6c0048,2024-02-03T02:50:13-08:00,0,0,v0.1.6,https://github.com/sgl-project/sglang/releases/tag/v0.1.11
sglang,v0.1.12,4,True,False,2024-02-11T14:49:18Z,github_published_at,2024-02-11T14:49:18Z,False,624b21e742f2bfc493b30ca17e7c86ca9255e1e6,2024-02-11T06:43:45-08:00,True,624b21e742f2bfc493b30ca17e7c86ca9255e1e6,2024-02-11T06:43:45-08:00,0,0,v0.1.11,https://github.com/sgl-project/sglang/releases/tag/v0.1.12
sglang,v0.1.13,5,True,False,2024-03-11T12:52:58Z,github_published_at,2024-03-11T12:52:58Z,False,4aa5dd2c5f1e386e8bf7d9c6309dc414e2fded7e,2024-03-11T05:49:27-07:00,True,4aa5dd2c5f1e386e8bf7d9c6309dc414e2fded7e,2024-03-11T05:49:27-07:00,0,0,v0.1.12,https://github.com/sgl-project/sglang/releases/tag/v0.1.13
sglang,v0.1.16,6,True,False,2024-05-14T00:36:05Z,github_published_at,2024-05-14T00:36:05Z,False,e0ae5d42ecdd06a749969f28b67df688e9edec8b,2024-05-13T17:29:17-07:00,True,e0ae5d42ecdd06a749969f28b67df688e9edec8b,2024-05-13T17:29:17-07:00,0,0,v0.1.13,https://github.com/sgl-project/sglang/releases/tag/v0.1.16
sglang,v0.1.17,7,True,False,2024-06-08T02:58:55Z,github_published_at,2024-06-08T02:58:55Z,False,e8a2327d523ce646edf400a2c6da647ca7d8c645,2024-06-07T19:49:18-07:00,True,e8a2327d523ce646edf400a2c6da647ca7d8c645,2024-06-07T19:49:18-07:00,0,0,v0.1.16,https://github.com/sgl-project/sglang/releases/tag/v0.1.17
sglang,v0.1.18,8,True,False,2024-07-04T06:35:42Z,github_published_at,2024-07-04T06:35:42Z,False,2f11936f953e3b7fab698c45054c6893f98c62e4,2024-07-04T06:27:29Z,True,2f11936f953e3b7fab698c45054c6893f98c62e4,2024-07-04T06:27:29Z,0,0,v0.1.17,https://github.com/sgl-project/sglang/releases/tag/v0.1.18
sglang,v0.1.20,9,True,False,2024-07-14T00:33:05Z,github_published_at,2024-07-14T00:33:05Z,False,5d264a90ac5154d8e368ee558337dd3dd92e720b,2024-07-13T17:27:55-07:00,True,5d264a90ac5154d8e368ee558337dd3dd92e720b,2024-07-13T17:27:55-07:00,0,0,v0.1.18,https://github.com/sgl-project/sglang/releases/tag/v0.1.20
sglang,v0.2.0,10,True,False,2024-07-25T15:58:24Z,github_published_at,2024-07-25T15:58:24Z,False,1a491d00cb765c62864ecbd60b0357dc81b4371e,2024-07-25T08:03:36-07:00,True,1a491d00cb765c62864ecbd60b0357dc81b4371e,2024-07-25T08:03:36-07:00,0,0,v0.1.20,https://github.com/sgl-project/sglang/releases/tag/v0.2.0
sglang,v0.2.5,11,True,False,2024-07-26T19:56:44Z,github_published_at,2024-07-26T19:56:44Z,False,5bd06b45992e850548e0520c4cb4b46493f68ab9,2024-07-27T05:56:30+10:00,True,5bd06b45992e850548e0520c4cb4b46493f68ab9,2024-07-27T05:56:30+10:00,0,0,v0.2.0,https://github.com/sgl-project/sglang/releases/tag/v0.2.5
sglang,v0.2.9,12,True,False,2024-08-02T08:55:00Z,github_published_at,2024-08-02T08:55:00Z,False,30a9b2ef203329110477dd10cf3ff45df0c2e8f4,2024-08-02T01:45:48-07:00,True,30a9b2ef203329110477dd10cf3ff45df0c2e8f4,2024-08-02T01:45:48-07:00,0,0,v0.2.5,https://github.com/sgl-project/sglang/releases/tag/v0.2.9
sglang,v0.2.13,13,True,False,2024-09-19T10:08:50Z,github_published_at,2024-09-19T10:08:50Z,False,5bd953749b520070a5b72b5b99b9a92853698685,2024-08-16T03:50:43+10:00,True,5bd953749b520070a5b72b5b99b9a92853698685,2024-08-16T03:50:43+10:00,0,0,v0.2.9,https://github.com/sgl-project/sglang/releases/tag/v0.2.13
sglang,v0.3.0,14,True,False,2024-09-19T10:09:00Z,github_published_at,2024-09-19T10:09:00Z,False,5ab9418f5b4c9ad1a90d72a803331d9a0b26d13e,2024-09-04T04:21:21-07:00,True,5ab9418f5b4c9ad1a90d72a803331d9a0b26d13e,2024-09-04T04:21:21-07:00,0,0,v0.2.13,https://github.com/sgl-project/sglang/releases/tag/v0.3.0
sglang,v0.3.2,15,True,False,2024-10-02T17:19:13Z,github_published_at,2024-10-02T17:19:13Z,False,37c5899fc2100de1c9afd51a7b1977b2f8185a28,2024-09-25T14:17:09+08:00,True,37c5899fc2100de1c9afd51a7b1977b2f8185a28,2024-09-25T14:17:09+08:00,0,0,v0.3.0,https://github.com/sgl-project/sglang/releases/tag/v0.3.2
sglang,v0.3.4.post1,16,True,False,2024-10-22T04:30:03Z,github_published_at,2024-10-22T04:30:03Z,False,1f26e8b8e4c8b884e59036dccd87929b2af592f9,2024-10-21T21:16:43-07:00,True,1f26e8b8e4c8b884e59036dccd87929b2af592f9,2024-10-21T21:16:43-07:00,0,0,v0.3.2,https://github.com/sgl-project/sglang/releases/tag/v0.3.4.post1
sglang,v0.3.6,17,True,False,2024-11-22T11:36:16Z,github_published_at,2024-11-22T11:36:16Z,False,9a00e6f453e764c0b286e2a62f652a1202c0bf9c,2024-11-22T19:27:30+08:00,True,9a00e6f453e764c0b286e2a62f652a1202c0bf9c,2024-11-22T19:27:30+08:00,0,0,v0.3.4.post1,https://github.com/sgl-project/sglang/releases/tag/v0.3.6
sglang,v0.4.0,18,True,False,2024-12-04T02:14:48Z,github_published_at,2024-12-04T02:14:48Z,False,f8b0326934bacb7a7d4eba68fb6eddebaa6ff751,2024-12-03T11:55:41-08:00,True,f8b0326934bacb7a7d4eba68fb6eddebaa6ff751,2024-12-03T11:55:41-08:00,0,0,v0.3.6,https://github.com/sgl-project/sglang/releases/tag/v0.4.0
sglang,v0.4.1,19,True,False,2024-12-25T23:27:01Z,github_published_at,2024-12-25T23:27:01Z,False,efc52f85e2d5c9b31545d4092f2b361b6ff04d67,2024-12-26T07:14:51+08:00,True,efc52f85e2d5c9b31545d4092f2b361b6ff04d67,2024-12-26T07:14:51+08:00,0,0,v0.4.0,https://github.com/sgl-project/sglang/releases/tag/v0.4.1
sglang,v0.4.3,20,True,False,2025-02-14T02:50:47Z,github_published_at,2025-02-14T02:50:47Z,False,e0b9a423c8413c486f8e6a2c168cd3e6e7a74589,2025-02-14T09:43:14+08:00,True,e0b9a423c8413c486f8e6a2c168cd3e6e7a74589,2025-02-14T09:43:14+08:00,0,0,v0.4.1,https://github.com/sgl-project/sglang/releases/tag/v0.4.3
sglang,v0.4.4,21,True,False,2025-03-13T18:21:23Z,github_published_at,2025-03-13T18:21:23Z,False,6aaeb84872f096df1b4ed78cbe6ba5ef8435f5ed,2025-03-13T02:49:58-07:00,True,6aaeb84872f096df1b4ed78cbe6ba5ef8435f5ed,2025-03-13T02:49:58-07:00,0,0,v0.4.3,https://github.com/sgl-project/sglang/releases/tag/v0.4.4
sglang,v0.4.5,22,True,False,2025-04-07T08:33:25Z,github_published_at,2025-04-07T08:33:25Z,False,57f99608f4fdea03e0450f51a6fcabe726409f25,2025-04-07T00:35:00-07:00,True,57f99608f4fdea03e0450f51a6fcabe726409f25,2025-04-07T00:35:00-07:00,0,0,v0.4.4,https://github.com/sgl-project/sglang/releases/tag/v0.4.5
sglang,v0.4.6,23,True,False,2025-04-27T21:47:10Z,github_published_at,2025-04-27T21:47:10Z,False,84022c0e563c9b519fa16bf0eb7f9d750a728531,2025-04-27T14:07:05-07:00,True,84022c0e563c9b519fa16bf0eb7f9d750a728531,2025-04-27T14:07:05-07:00,0,0,v0.4.5,https://github.com/sgl-project/sglang/releases/tag/v0.4.6
sglang,v0.4.7,24,True,False,2025-06-11T19:14:40Z,github_published_at,2025-06-11T19:14:40Z,False,4f723edd3baf3823eddfb9d6426548daba17c687,2025-06-10T01:56:20-07:00,True,4f723edd3baf3823eddfb9d6426548daba17c687,2025-06-10T01:56:20-07:00,0,0,v0.4.6,https://github.com/sgl-project/sglang/releases/tag/v0.4.7
sglang,v0.4.8,25,True,False,2025-06-24T18:43:35Z,github_published_at,2025-06-24T18:43:35Z,False,7c3a12c0002e33fed1e72f4157e74a64a998f251,2025-06-23T23:14:22-07:00,True,7c3a12c0002e33fed1e72f4157e74a64a998f251,2025-06-23T23:14:22-07:00,0,0,v0.4.7,https://github.com/sgl-project/sglang/releases/tag/v0.4.8
sglang,v0.4.10,26,True,False,2025-07-31T18:48:25Z,github_published_at,2025-07-31T18:48:25Z,False,023288645b80fb41b3eed55fd413dd69a7904593,2025-07-31T20:50:17+08:00,True,023288645b80fb41b3eed55fd413dd69a7904593,2025-07-31T20:50:17+08:00,0,0,v0.4.8,https://github.com/sgl-project/sglang/releases/tag/v0.4.10
sglang,v0.5.1,27,True,False,2025-08-23T19:57:46Z,github_published_at,2025-08-23T19:57:46Z,False,97a38ee85ba62e268bde6388f1bf8edfe2ca9d76,2025-08-23T07:09:26-07:00,True,97a38ee85ba62e268bde6388f1bf8edfe2ca9d76,2025-08-23T07:09:26-07:00,0,0,v0.4.10,https://github.com/sgl-project/sglang/releases/tag/v0.5.1
sglang,v0.5.2,28,True,False,2025-09-12T03:50:52Z,github_published_at,2025-09-12T03:50:52Z,False,b0d25e72c401f37b55d689ddbf05b8c583afe854,2025-09-11T16:09:20-07:00,True,b0d25e72c401f37b55d689ddbf05b8c583afe854,2025-09-11T16:09:20-07:00,0,0,v0.5.1,https://github.com/sgl-project/sglang/releases/tag/v0.5.2
sglang,v0.5.3,29,True,False,2025-10-06T18:45:52Z,github_published_at,2025-10-06T18:45:52Z,False,a4a3d8239365d2fc16e2dc707605373ea3f35ded,2025-10-06T20:07:02+08:00,True,a4a3d8239365d2fc16e2dc707605373ea3f35ded,2025-10-06T20:07:02+08:00,0,0,v0.5.2,https://github.com/sgl-project/sglang/releases/tag/v0.5.3
sglang,v0.5.4,30,True,False,2025-10-26T02:37:45Z,github_published_at,2025-10-26T02:37:45Z,False,1053e1be17ac1220acce874f80435d765c15aab9,2025-10-23T18:01:40-07:00,True,1053e1be17ac1220acce874f80435d765c15aab9,2025-10-23T18:01:40-07:00,0,0,v0.5.3,https://github.com/sgl-project/sglang/releases/tag/v0.5.4
sglang,v0.5.5,31,True,False,2025-11-06T17:54:32Z,github_published_at,2025-11-06T17:54:32Z,False,0c006b8809cd99e1f95926401a2823dd952641c8,2025-11-07T00:46:19+08:00,True,0c006b8809cd99e1f95926401a2823dd952641c8,2025-11-07T00:46:19+08:00,0,0,v0.5.4,https://github.com/sgl-project/sglang/releases/tag/v0.5.5
sglang,v0.5.6,32,True,False,2025-12-03T05:11:51Z,github_published_at,2025-12-03T05:11:51Z,False,7ae368efde14f0b2abe769a5fbb99b8154b2a9b7,2025-12-02T17:17:13-08:00,True,7ae368efde14f0b2abe769a5fbb99b8154b2a9b7,2025-12-02T17:17:13-08:00,0,0,v0.5.5,https://github.com/sgl-project/sglang/releases/tag/v0.5.6
sglang,v0.5.7,33,True,False,2026-01-01T02:59:48Z,annotated_tag_date,2026-01-01T10:01:57Z,False,232982a0dee4f0f9545189a7d9b6b9bb802e4910,2026-01-01T10:54:39+08:00,False,98225be6e50ab1b9551e1f17bf1ce1d40f13a94c,2025-12-30T17:18:02+08:00,5,5,v0.5.6,https://github.com/sgl-project/sglang/releases/tag/v0.5.7
sglang,v0.5.8,34,True,False,2026-01-23T17:58:11Z,annotated_tag_date,2026-01-23T22:09:28Z,False,0189f41c30ede088a040a711a384f3024b8d7af5,2026-01-23T09:53:52-08:00,False,f2ae066a6b77afa82800174e92efa7067db57830,2026-01-21T18:03:27-08:00,9,9,v0.5.7,https://github.com/sgl-project/sglang/releases/tag/v0.5.8
sglang,v0.5.9,35,True,False,2026-02-23T08:13:28Z,annotated_tag_date,2026-02-24T01:14:21Z,False,bbe9c7eeb520b0a67e92d133dfc137a3688dc7f2,2026-02-23T13:10:33+08:00,False,c36a10aabb39363df3d8b83750bb5f0cc2edb2d5,2026-02-21T20:14:31+08:00,11,12,v0.5.8,https://github.com/sgl-project/sglang/releases/tag/v0.5.9
sglang,v0.5.10rc0,,False,True,2026-03-27T07:53:54Z,annotated_tag_date,2026-03-28T05:58:32Z,False,9b0c470a6a13bedc860c6836f5d07b6c2f62e61a,2026-03-27T00:50:55-07:00,False,2e65c27b29152cc99fac5589a89a79edbc975a81,2026-03-26T14:44:37-07:00,5,5,,https://github.com/sgl-project/sglang/releases/tag/v0.5.10rc0
sglang,v0.5.10,36,True,False,2026-04-06T04:42:12Z,github_published_at,2026-04-06T04:42:12Z,False,1519acf37c23f2189adb93f57ca9cd2db1bebf18,2026-04-05T09:47:12-07:00,False,1ad6839659085732a6fe308f97141841d67f6323,2026-04-04T02:18:10-07:00,5,5,v0.5.9,https://github.com/sgl-project/sglang/releases/tag/v0.5.10
sglang,v0.5.10.post1,37,True,False,2026-04-08T21:58:29Z,annotated_tag_date,2026-04-09T03:21:07Z,False,7c35342c10e201899e22fe2972d40e60da19ff3e,2026-04-08T14:57:19-07:00,False,1ad6839659085732a6fe308f97141841d67f6323,2026-04-04T02:18:10-07:00,7,7,v0.5.10,https://github.com/sgl-project/sglang/releases/tag/v0.5.10.post1
sglang,v0.5.11,38,True,False,2026-05-05T07:41:25Z,annotated_tag_date,2026-05-05T21:28:56Z,False,612785ffdcaf35552f1ed433a981d596ca9fe900,2026-05-05T00:19:09-07:00,False,88bb5dffe4961c5456fe64eb074621a377b9671b,2026-05-02T12:25:36-07:00,7,5,v0.5.10.post1,https://github.com/sgl-project/sglang/releases/tag/v0.5.11
sglang,v0.5.12,39,True,False,2026-05-16T17:16:25Z,annotated_tag_date,2026-05-16T18:23:23Z,False,127b9e3283f7c2a43234b852ff5c9f1796d53624,2026-05-16T10:04:24-07:00,False,3117415c9bcd00ec06835eaae06690d53d18a334,2026-05-15T03:20:00-07:00,16,14,v0.5.11,https://github.com/sgl-project/sglang/releases/tag/v0.5.12
sglang,v0.5.12.post1,40,True,False,2026-05-23T09:09:21Z,annotated_tag_date,2026-05-26T23:58:17Z,False,5a15cde858ea09b77116212a39356f2fc51b8584,2026-05-22T23:56:12-07:00,False,3117415c9bcd00ec06835eaae06690d53d18a334,2026-05-15T03:20:00-07:00,31,41,v0.5.12,https://github.com/sgl-project/sglang/releases/tag/v0.5.12.post1
sglang,v0.5.13,41,True,False,2026-06-11T08:09:52Z,annotated_tag_date,2026-06-13T00:17:49Z,False,28b095c01005d4a3a2a5b637b7d028b07fba31b2,2026-06-10T21:34:55-07:00,False,0f8673851ceeca611839451750952ca19b52fee6,2026-06-08T19:58:42-07:00,12,23,v0.5.12.post1,https://github.com/sgl-project/sglang/releases/tag/v0.5.13
sglang,v0.5.14,42,True,False,2026-06-26T00:51:41Z,annotated_tag_date,2026-06-26T22:57:30Z,False,49e384ce9d304648e9959666ecb8ce8cd98d0deb,2026-06-25T11:07:46+08:00,False,7e6587c94a1d0305815a14067c5d3cc02a9b0f36,2026-06-22T22:16:29-07:00,8,16,v0.5.13,https://github.com/sgl-project/sglang/releases/tag/v0.5.14
sglang,v0.5.15,43,True,False,2026-07-10T08:22:25Z,annotated_tag_date,2026-07-10T22:58:33Z,False,f63458b5beaceabbd9d749b9fc956370e1b649e6,2026-07-09T20:14:29-07:00,False,9a6f8e599204aa37481f5f37a1b20938aee98d5c,2026-07-06T23:57:57-07:00,18,34,v0.5.14,https://github.com/sgl-project/sglang/releases/tag/v0.5.15
sglang,v0.5.15.post1,44,True,False,2026-07-14T04:12:27Z,annotated_tag_date,2026-07-14T08:43:33Z,False,0b3bb0cbe31873994c9f989fddfe2f87ca839fdd,2026-07-13T21:11:42-07:00,False,9a6f8e599204aa37481f5f37a1b20938aee98d5c,2026-07-06T23:57:57-07:00,25,44,v0.5.15,https://github.com/sgl-project/sglang/releases/tag/v0.5.15.post1
sglang,v0.5.16,45,True,False,2026-07-24T20:27:30Z,annotated_tag_date,2026-07-25T00:13:18Z,False,fdebc938f7f4d16fe6b9f55dcd9a767cf0899ea1,2026-07-24T13:25:42-07:00,False,8905cbd42f4a27dbecad6487cd3904278756fef8,2026-07-20T16:14:12-07:00,5,10,v0.5.15.post1,https://github.com/sgl-project/sglang/releases/tag/v0.5.16
sglang,v0.5.17,46,True,False,2026-08-07T22:48:32Z,annotated_tag_date,2026-08-08T00:19:16Z,False,29481685462732237d80d86076d6563e1f658102,2026-08-07T14:50:47-07:00,False,34af3ff38655e93533813f2e63b938ed47e47ff5,2026-08-04T13:23:08-07:00,12,20,v0.5.16,https://github.com/sgl-project/sglang/releases/tag/v0.5.17
sglang,v0.5.18,47,True,False,2026-08-21T19:50:19Z,annotated_tag_date,2026-08-22T00:09:15Z,False,71de97b264b04dcd514cf904003028aefe9775c8,2026-08-20T14:29:24-07:00,False,0111b290312aa224962397db86c04fe112539fb2,2026-08-18T00:13:28-07:00,8,15,v0.5.17,https://github.com/sgl-project/sglang/releases/tag/v0.5.18
sglang,v0.5.19,48,True,False,2026-09-04T19:40:33Z,annotated_tag_date,2026-09-05T02:27:42Z,False,0bcd822377da7b5718e674eaf9c870d349424dd1,2026-09-03T14:22:46-07:00,False,6c72b49a579605c123d9e667669aee1c8919f076,2026-09-01T01:25:13-07:00,14,28,v0.5.18,https://github.com/sgl-project/sglang/releases/tag/v0.5.19
sglang,v0.5.20,49,True,False,2026-09-18T08:02:22Z,annotated_tag_date,2026-09-18T22:41:33Z,False,94602c9c2b7cbdb8efd5c52802dac6a1c180089e,2026-09-18T01:00:43-07:00,False,d58342deab27e6f8bb507d9db2a0f87c6f42cee3,2026-09-15T13:39:15-07:00,5,10,v0.5.19,https://github.com/sgl-project/sglang/releases/tag/v0.5.20
vllm,v0.1.0,1,True,False,2023-06-20T06:28:07Z,github_published_at,2023-06-20T06:28:07Z,False,67d96c29fba9b72cb4c4edbc26211c208a00ebdd,2023-06-20T14:19:47+08:00,True,67d96c29fba9b72cb4c4edbc26211c208a00ebdd,2023-06-20T14:19:47+08:00,0,0,,https://github.com/vllm-project/vllm/releases/tag/v0.1.0
vllm,v0.1.1,2,True,False,2023-06-22T07:38:09Z,github_published_at,2023-06-22T07:38:09Z,False,83658c8ace771617460f9e2d5f1cf6f811d6d6fb,2023-06-22T15:33:32+08:00,True,83658c8ace771617460f9e2d5f1cf6f811d6d6fb,2023-06-22T15:33:32+08:00,0,0,v0.1.0,https://github.com/vllm-project/vllm/releases/tag/v0.1.1
vllm,v0.1.2,3,True,False,2023-07-05T04:51:21Z,github_published_at,2023-07-05T04:51:21Z,False,1c395b4eaa805fc7cacf2f591e658ce395761537,2023-07-04T21:41:53-07:00,True,1c395b4eaa805fc7cacf2f591e658ce395761537,2023-07-04T21:41:53-07:00,0,0,v0.1.1,https://github.com/vllm-project/vllm/releases/tag/v0.1.2
vllm,v0.1.3,4,True,False,2023-08-02T23:56:22Z,github_published_at,2023-08-02T23:56:22Z,False,aa84c92ef636e689b506b9842c712e5c615cc73a,2023-08-02T16:46:53-07:00,True,aa84c92ef636e689b506b9842c712e5c615cc73a,2023-08-02T16:46:53-07:00,0,0,v0.1.2,https://github.com/vllm-project/vllm/releases/tag/v0.1.3
vllm,v0.1.4,5,True,False,2023-08-25T03:31:13Z,github_published_at,2023-08-25T03:31:13Z,False,791d79de3261402fae1b9d0b1650655071a68095,2023-08-25T12:28:00+09:00,True,791d79de3261402fae1b9d0b1650655071a68095,2023-08-25T12:28:00+09:00,0,0,v0.1.3,https://github.com/vllm-project/vllm/releases/tag/v0.1.4
vllm,v0.1.5,6,True,False,2023-09-07T23:16:58Z,github_published_at,2023-09-07T23:16:58Z,False,852ef5b4f5481ce526c804ea234d1de0df91f48d,2023-09-07T16:15:31-07:00,True,852ef5b4f5481ce526c804ea234d1de0df91f48d,2023-09-07T16:15:31-07:00,0,0,v0.1.4,https://github.com/vllm-project/vllm/releases/tag/v0.1.5
vllm,v0.1.6,7,True,False,2023-09-08T07:08:25Z,github_published_at,2023-09-08T07:08:25Z,False,1117aa1411d9858ea5eef8a81e044379432e6d0e,2023-09-08T00:07:46-07:00,True,1117aa1411d9858ea5eef8a81e044379432e6d0e,2023-09-08T00:07:46-07:00,0,0,v0.1.5,https://github.com/vllm-project/vllm/releases/tag/v0.1.6
vllm,v0.1.7,8,True,False,2023-09-11T07:56:08Z,github_published_at,2023-09-11T07:56:08Z,False,90eb3f43ca5228647c834243d98881d53c7745d0,2023-09-11T00:54:30-07:00,True,90eb3f43ca5228647c834243d98881d53c7745d0,2023-09-11T00:54:30-07:00,0,0,v0.1.6,https://github.com/vllm-project/vllm/releases/tag/v0.1.7
vllm,v0.2.0,9,True,False,2023-09-28T22:31:44Z,github_published_at,2023-09-28T22:31:44Z,False,e2fb71ec9f2c3168ba8614408fa807a5f65707c5,2023-09-28T15:30:38-07:00,True,e2fb71ec9f2c3168ba8614408fa807a5f65707c5,2023-09-28T15:30:38-07:00,0,0,v0.1.7,https://github.com/vllm-project/vllm/releases/tag/v0.2.0
vllm,v0.2.1,10,True,False,2023-10-16T20:01:21Z,github_published_at,2023-10-16T20:01:21Z,False,651c614aa43e497a2e2aab473493ba295201ab20,2023-10-16T12:58:57-07:00,True,651c614aa43e497a2e2aab473493ba295201ab20,2023-10-16T12:58:57-07:00,0,0,v0.2.0,https://github.com/vllm-project/vllm/releases/tag/v0.2.1
vllm,v0.2.1.post1,11,True,False,2023-10-17T16:31:52Z,github_published_at,2023-10-17T16:31:52Z,False,3d40c834f020a0d180a0af49bf25ffa9b22fa84b,2023-10-17T16:30:46Z,False,651c614aa43e497a2e2aab473493ba295201ab20,2023-10-16T12:58:57-07:00,2,1,v0.2.1,https://github.com/vllm-project/vllm/releases/tag/v0.2.1.post1
vllm,v0.2.2,12,True,False,2023-11-19T05:58:18Z,github_published_at,2023-11-19T05:58:18Z,False,c5f7740d89737744438e08c26da1d4fbadcb3893,2023-11-18T21:57:07-08:00,True,c5f7740d89737744438e08c26da1d4fbadcb3893,2023-11-18T21:57:07-08:00,0,0,v0.2.1.post1,https://github.com/vllm-project/vllm/releases/tag/v0.2.2
vllm,v0.2.3,13,True,False,2023-12-03T20:30:03Z,github_published_at,2023-12-03T20:30:03Z,False,0f90effc660317070b88b860eda76bfb3b596701,2023-12-03T12:27:47-08:00,True,0f90effc660317070b88b860eda76bfb3b596701,2023-12-03T12:27:47-08:00,0,0,v0.2.2,https://github.com/vllm-project/vllm/releases/tag/v0.2.3
vllm,v0.2.4,14,True,False,2023-12-11T19:50:34Z,github_published_at,2023-12-11T19:50:34Z,False,4dd4b5c538dabcf2c822bc91b4f760364520e5af,2023-12-11T11:49:39-08:00,True,4dd4b5c538dabcf2c822bc91b4f760364520e5af,2023-12-11T11:49:39-08:00,0,0,v0.2.3,https://github.com/vllm-project/vllm/releases/tag/v0.2.4
vllm,v0.2.5,15,True,False,2023-12-14T07:58:13Z,github_published_at,2023-12-14T07:58:13Z,False,31c1f3255ee9771538da138396e1a50e369f8723,2023-12-13T23:56:15-08:00,True,31c1f3255ee9771538da138396e1a50e369f8723,2023-12-13T23:56:15-08:00,0,0,v0.2.4,https://github.com/vllm-project/vllm/releases/tag/v0.2.5
vllm,v0.2.6,16,True,False,2023-12-17T18:35:42Z,github_published_at,2023-12-17T18:35:42Z,False,671af2b1c0b3ed6d856d37c21a561cc429a10701,2023-12-17T10:34:56-08:00,True,671af2b1c0b3ed6d856d37c21a561cc429a10701,2023-12-17T10:34:56-08:00,0,0,v0.2.5,https://github.com/vllm-project/vllm/releases/tag/v0.2.6
vllm,v0.2.7,17,True,False,2024-01-04T01:36:53Z,github_published_at,2024-01-04T01:36:53Z,False,2e0b6e775756345aa1d39f772c186e00f8c29e92,2024-01-03T17:35:56-08:00,True,2e0b6e775756345aa1d39f772c186e00f8c29e92,2024-01-03T17:35:56-08:00,0,0,v0.2.6,https://github.com/vllm-project/vllm/releases/tag/v0.2.7
vllm,v0.3.0,18,True,False,2024-01-31T08:07:57Z,github_published_at,2024-01-31T08:07:57Z,False,1af090b57d0e23d268e79941f8084bf0a8ad8621,2024-01-31T00:07:07-08:00,True,1af090b57d0e23d268e79941f8084bf0a8ad8621,2024-01-31T00:07:07-08:00,0,0,v0.2.7,https://github.com/vllm-project/vllm/releases/tag/v0.3.0
vllm,v0.3.1,19,True,False,2024-02-16T23:06:09Z,github_published_at,2024-02-16T23:06:09Z,False,5f08050d8d0bfcdaced0fe706cdfc9e311e0f263,2024-02-16T15:05:18-08:00,True,5f08050d8d0bfcdaced0fe706cdfc9e311e0f263,2024-02-16T15:05:18-08:00,0,0,v0.3.0,https://github.com/vllm-project/vllm/releases/tag/v0.3.1
vllm,v0.3.2,20,True,False,2024-02-21T19:50:54Z,github_published_at,2024-02-21T19:50:54Z,False,8fbd84bf7839d53e6dd26a1dd4473dd1a99aab6e,2024-02-21T11:47:25-08:00,True,8fbd84bf7839d53e6dd26a1dd4473dd1a99aab6e,2024-02-21T11:47:25-08:00,0,0,v0.3.1,https://github.com/vllm-project/vllm/releases/tag/v0.3.2
vllm,v0.3.3,21,True,False,2024-03-01T20:58:44Z,github_published_at,2024-03-01T20:58:44Z,False,82091b864af105dbe373353655dc9d8c0a6ba66f,2024-03-01T12:58:06-08:00,True,82091b864af105dbe373353655dc9d8c0a6ba66f,2024-03-01T12:58:06-08:00,0,0,v0.3.2,https://github.com/vllm-project/vllm/releases/tag/v0.3.3
vllm,v0.4.0,22,True,False,2024-03-30T01:54:27Z,github_published_at,2024-03-30T01:54:27Z,False,51c31bc10ca7c48b580cd58fcd741ba4d6db4447,2024-03-30T01:53:08Z,True,51c31bc10ca7c48b580cd58fcd741ba4d6db4447,2024-03-30T01:53:08Z,0,0,v0.3.3,https://github.com/vllm-project/vllm/releases/tag/v0.4.0
vllm,v0.4.0.post1,23,True,False,2024-04-02T20:01:54Z,github_published_at,2024-04-02T20:01:54Z,False,a3c226e7eb19b976a937e745f3867eb05f809278,2024-04-02T12:57:04-07:00,True,a3c226e7eb19b976a937e745f3867eb05f809278,2024-04-02T12:57:04-07:00,0,0,v0.4.0,https://github.com/vllm-project/vllm/releases/tag/v0.4.0.post1
vllm,v0.4.1,24,True,False,2024-04-24T02:28:08Z,github_published_at,2024-04-24T02:28:08Z,False,468d761b32e3b3c5d64eeaa797e54ab809b7e50c,2024-04-23T18:54:33-07:00,True,468d761b32e3b3c5d64eeaa797e54ab809b7e50c,2024-04-23T18:54:33-07:00,0,0,v0.4.0.post1,https://github.com/vllm-project/vllm/releases/tag/v0.4.1
vllm,v0.4.2,25,True,False,2024-05-05T04:31:08Z,github_published_at,2024-05-05T04:31:08Z,False,c7f2cf2b7f67bce5842fedfdba508440fe257375,2024-05-04T21:28:58-07:00,True,c7f2cf2b7f67bce5842fedfdba508440fe257375,2024-05-04T21:28:58-07:00,0,0,v0.4.1,https://github.com/vllm-project/vllm/releases/tag/v0.4.2
vllm,v0.4.3,26,True,False,2024-06-01T00:25:13Z,github_published_at,2024-06-01T00:25:13Z,False,1197e02141df1a7442f21ff6922c98ec0bba153e,2024-05-31T17:21:38-07:00,True,1197e02141df1a7442f21ff6922c98ec0bba153e,2024-05-31T17:21:38-07:00,0,0,v0.4.2,https://github.com/vllm-project/vllm/releases/tag/v0.4.3
vllm,v0.5.0,27,True,False,2024-06-11T18:16:12Z,github_published_at,2024-06-11T18:16:12Z,False,8f89d72090da70895d77d32248ea8504f7daba50,2024-06-11T11:12:13-07:00,True,8f89d72090da70895d77d32248ea8504f7daba50,2024-06-11T11:12:13-07:00,0,0,v0.4.3,https://github.com/vllm-project/vllm/releases/tag/v0.5.0
vllm,v0.5.0.post1,28,True,False,2024-06-14T02:43:10Z,github_published_at,2024-06-14T02:43:10Z,False,50eed24d252965a81ce50b64fd387d60fb1f4f6e,2024-06-13T16:06:49-07:00,True,50eed24d252965a81ce50b64fd387d60fb1f4f6e,2024-06-13T16:06:49-07:00,0,0,v0.5.0,https://github.com/vllm-project/vllm/releases/tag/v0.5.0.post1
vllm,v0.5.1,29,True,False,2024-07-05T19:47:01Z,github_published_at,2024-07-05T19:47:01Z,False,79d406e9183aa12cdef6f1876eb9a15385662587,2024-07-05T12:44:40-07:00,True,79d406e9183aa12cdef6f1876eb9a15385662587,2024-07-05T12:44:40-07:00,0,0,v0.5.0.post1,https://github.com/vllm-project/vllm/releases/tag/v0.5.1
vllm,v0.5.2,30,True,False,2024-07-15T18:01:34Z,github_published_at,2024-07-15T18:01:34Z,False,4cf256ae7f8b0be8f06f6b85821e55d4f5bdaa13,2024-07-15T10:32:35-07:00,True,4cf256ae7f8b0be8f06f6b85821e55d4f5bdaa13,2024-07-15T10:32:35-07:00,0,0,v0.5.1,https://github.com/vllm-project/vllm/releases/tag/v0.5.2
vllm,v0.5.3,31,True,False,2024-07-23T07:01:03Z,github_published_at,2024-07-23T07:01:03Z,False,bb2fc08072db2d96e547407b4301fb6ba141d9d6,2024-07-23T00:00:08-07:00,True,bb2fc08072db2d96e547407b4301fb6ba141d9d6,2024-07-23T00:00:08-07:00,0,0,v0.5.2,https://github.com/vllm-project/vllm/releases/tag/v0.5.3
vllm,v0.5.3.post1,32,True,False,2024-07-23T17:09:40Z,github_published_at,2024-07-23T17:09:40Z,False,38c4b7e863570a045308af814c72f4504297222e,2024-07-23T10:08:59-07:00,True,38c4b7e863570a045308af814c72f4504297222e,2024-07-23T10:08:59-07:00,0,0,v0.5.3,https://github.com/vllm-project/vllm/releases/tag/v0.5.3.post1
vllm,v0.5.4,33,True,False,2024-08-05T22:38:28Z,github_published_at,2024-08-05T22:38:28Z,False,4db5176d9758b720b05460c50ace3c01026eb158,2024-08-05T14:39:48-07:00,True,4db5176d9758b720b05460c50ace3c01026eb158,2024-08-05T14:39:48-07:00,0,0,v0.5.3.post1,https://github.com/vllm-project/vllm/releases/tag/v0.5.4
vllm,v0.5.5,34,True,False,2024-08-23T18:37:46Z,github_published_at,2024-08-23T18:37:46Z,False,09c7792610ada9f88bbf87d32b472dd44bf23cc2,2024-08-23T11:35:33-07:00,True,09c7792610ada9f88bbf87d32b472dd44bf23cc2,2024-08-23T11:35:33-07:00,0,0,v0.5.4,https://github.com/vllm-project/vllm/releases/tag/v0.5.5
vllm,v0.6.0,35,True,False,2024-09-04T23:35:42Z,github_published_at,2024-09-04T23:35:42Z,False,32e7db25365415841ebc7c4215851743fbb1bad1,2024-09-04T16:34:27-07:00,True,32e7db25365415841ebc7c4215851743fbb1bad1,2024-09-04T16:34:27-07:00,0,0,v0.5.5,https://github.com/vllm-project/vllm/releases/tag/v0.6.0
vllm,v0.6.1,36,True,False,2024-09-11T21:44:44Z,github_published_at,2024-09-11T21:44:44Z,False,3fd2b0d21cd9ec78de410fdf8aa1de840e9ad77a,2024-09-11T14:42:11-07:00,True,3fd2b0d21cd9ec78de410fdf8aa1de840e9ad77a,2024-09-11T14:42:11-07:00,0,0,v0.6.0,https://github.com/vllm-project/vllm/releases/tag/v0.6.1
vllm,v0.6.1.post1,37,True,False,2024-09-13T04:40:28Z,github_published_at,2024-09-13T04:40:28Z,False,acda0b35d00e733982aa4c1198f2bd381d368cb5,2024-09-12T21:39:49-07:00,True,acda0b35d00e733982aa4c1198f2bd381d368cb5,2024-09-12T21:39:49-07:00,0,0,v0.6.1,https://github.com/vllm-project/vllm/releases/tag/v0.6.1.post1
vllm,v0.6.1.post2,38,True,False,2024-09-13T18:35:43Z,github_published_at,2024-09-13T18:35:43Z,False,9ba0817ff1eb514f51cc6de9cb8e16c98d6ee44f,2024-09-13T11:35:00-07:00,True,9ba0817ff1eb514f51cc6de9cb8e16c98d6ee44f,2024-09-13T11:35:00-07:00,0,0,v0.6.1.post1,https://github.com/vllm-project/vllm/releases/tag/v0.6.1.post2
vllm,v0.6.2,39,True,False,2024-09-25T21:50:41Z,github_published_at,2024-09-25T21:50:41Z,False,7193774b1ff8603ad5bf4598e5efba0d9a39b436,2024-09-25T14:46:22-07:00,True,7193774b1ff8603ad5bf4598e5efba0d9a39b436,2024-09-25T14:46:22-07:00,0,0,v0.6.1.post2,https://github.com/vllm-project/vllm/releases/tag/v0.6.2
vllm,v0.6.3,40,True,False,2024-10-14T20:20:28Z,github_published_at,2024-10-14T20:20:28Z,False,fd47e57f4b0d5f7920903490bce13bc9e49d8dba,2024-10-14T11:57:47-07:00,True,fd47e57f4b0d5f7920903490bce13bc9e49d8dba,2024-10-14T11:57:47-07:00,0,0,v0.6.2,https://github.com/vllm-project/vllm/releases/tag/v0.6.3
vllm,v0.6.3.post1,41,True,False,2024-10-17T17:26:12Z,github_published_at,2024-10-17T17:26:12Z,False,a2c71c5405fdd8822956bcd785e72149c1cfb655,2024-10-17T10:25:06-07:00,True,a2c71c5405fdd8822956bcd785e72149c1cfb655,2024-10-17T10:25:06-07:00,0,0,v0.6.3,https://github.com/vllm-project/vllm/releases/tag/v0.6.3.post1
vllm,v0.6.4,42,True,False,2024-11-15T07:32:45Z,github_published_at,2024-11-15T07:32:45Z,False,02dbf30e9a4389b41d95dd595bfe1224592dd404,2024-11-14T23:31:52-08:00,True,02dbf30e9a4389b41d95dd595bfe1224592dd404,2024-11-14T23:31:52-08:00,0,0,v0.6.3.post1,https://github.com/vllm-project/vllm/releases/tag/v0.6.4
vllm,v0.6.4.post1,43,True,False,2024-11-15T17:50:06Z,github_published_at,2024-11-15T17:50:06Z,False,a6221a144af772fd1a68fe7e627935dc53e81738,2024-11-15T09:48:07-08:00,True,a6221a144af772fd1a68fe7e627935dc53e81738,2024-11-15T09:48:07-08:00,0,0,v0.6.4,https://github.com/vllm-project/vllm/releases/tag/v0.6.4.post1
vllm,v0.6.5,44,True,False,2024-12-17T23:10:37Z,github_published_at,2024-12-17T23:10:37Z,False,2d1b9baa8f57fc59912c7bcd07fd630fb9d72c9d,2024-12-17T12:26:32-08:00,True,2d1b9baa8f57fc59912c7bcd07fd630fb9d72c9d,2024-12-17T12:26:32-08:00,0,0,v0.6.4.post1,https://github.com/vllm-project/vllm/releases/tag/v0.6.5
vllm,v0.6.6,45,True,False,2024-12-27T00:12:05Z,github_published_at,2024-12-27T00:12:05Z,False,f49777ba62b4926d0f8c100ab06edb03c5c10098,2024-12-26T16:09:44-08:00,True,f49777ba62b4926d0f8c100ab06edb03c5c10098,2024-12-26T16:09:44-08:00,0,0,v0.6.5,https://github.com/vllm-project/vllm/releases/tag/v0.6.6
vllm,v0.6.6.post1,46,True,False,2024-12-27T06:24:26Z,github_published_at,2024-12-27T06:24:26Z,False,2339d59f9260499599d60599f83978fad1827999,2024-12-26T22:23:29-08:00,True,2339d59f9260499599d60599f83978fad1827999,2024-12-26T22:23:29-08:00,0,0,v0.6.6,https://github.com/vllm-project/vllm/releases/tag/v0.6.6.post1
vllm,v0.7.0,47,True,False,2025-01-27T05:50:13Z,github_published_at,2025-01-27T05:50:13Z,False,5204ff5c3feeb96e8a6eea65dfcb78395f90d4d8,2025-01-26T21:26:44-08:00,True,5204ff5c3feeb96e8a6eea65dfcb78395f90d4d8,2025-01-26T21:26:44-08:00,0,0,v0.6.6.post1,https://github.com/vllm-project/vllm/releases/tag/v0.7.0
vllm,v0.7.1,48,True,False,2025-02-01T18:02:54Z,github_published_at,2025-02-01T18:02:54Z,False,4f4d427ac2cee0f8ff7f79103001f6617fa8989c,2025-01-31T23:46:57-08:00,True,4f4d427ac2cee0f8ff7f79103001f6617fa8989c,2025-01-31T23:46:57-08:00,0,0,v0.7.0,https://github.com/vllm-project/vllm/releases/tag/v0.7.1
vllm,v0.7.2,49,True,False,2025-02-06T07:30:12Z,github_published_at,2025-02-06T07:30:12Z,False,0408efc6d0c17fba17b2be38d0d0f02e96d2bf9d,2025-02-06T15:23:50+08:00,True,0408efc6d0c17fba17b2be38d0d0f02e96d2bf9d,2025-02-06T15:23:50+08:00,0,0,v0.7.1,https://github.com/vllm-project/vllm/releases/tag/v0.7.2
vllm,v0.7.3,50,True,False,2025-02-20T17:08:41Z,github_published_at,2025-02-20T17:08:41Z,False,ed6e9075d31e32c8548b480a47d1ffb77da1f54c,2025-02-20T06:47:01-08:00,True,ed6e9075d31e32c8548b480a47d1ffb77da1f54c,2025-02-20T06:47:01-08:00,0,0,v0.7.2,https://github.com/vllm-project/vllm/releases/tag/v0.7.3
vllm,v0.8.0rc1,,False,True,2025-03-17T05:13:42Z,github_published_at,2025-03-17T05:13:42Z,False,8d6cf89526ff983b7eb74aad3903138004ae95cd,2025-03-16T22:00:20-07:00,True,8d6cf89526ff983b7eb74aad3903138004ae95cd,2025-03-16T22:00:20-07:00,0,0,,https://github.com/vllm-project/vllm/releases/tag/v0.8.0rc1
vllm,v0.8.0rc2,,False,True,2025-03-17T17:08:53Z,github_published_at,2025-03-17T17:08:53Z,False,37e380613220f607cb465fc15f72a4a033a98b23,2025-03-17T10:04:21-07:00,True,37e380613220f607cb465fc15f72a4a033a98b23,2025-03-17T10:04:21-07:00,0,0,,https://github.com/vllm-project/vllm/releases/tag/v0.8.0rc2
vllm,v0.8.0,51,True,False,2025-03-18T17:52:20Z,github_published_at,2025-03-18T17:52:20Z,False,966f933ee1cd7c9a41db60de5c7ff98657005251,2025-03-18T10:51:10-07:00,False,37e380613220f607cb465fc15f72a4a033a98b23,2025-03-17T10:04:21-07:00,9,9,v0.7.3,https://github.com/vllm-project/vllm/releases/tag/v0.8.0
vllm,v0.8.1,52,True,False,2025-03-19T17:40:43Z,github_published_at,2025-03-19T17:40:43Z,False,61c7a1b856e32ef8b12c70abcb9fd9ad22619a13,2025-03-19T10:37:17-07:00,True,61c7a1b856e32ef8b12c70abcb9fd9ad22619a13,2025-03-19T10:37:17-07:00,0,0,v0.8.0,https://github.com/vllm-project/vllm/releases/tag/v0.8.1
vllm,v0.8.2,53,True,False,2025-03-23T21:05:21Z,github_published_at,2025-03-23T21:05:21Z,True,25f560a62c4f955672e2c6080b17ab3a48f96201,2025-03-24T21:04:41-07:00,True,25f560a62c4f955672e2c6080b17ab3a48f96201,2025-03-24T21:04:41-07:00,0,0,v0.8.1,https://github.com/vllm-project/vllm/releases/tag/v0.8.2
vllm,v0.8.3rc1,,False,True,2025-04-05T19:46:14Z,github_published_at,2025-04-05T19:46:14Z,False,63375f0cdb0073e466d9012aad1192c445a5fa64,2025-04-04T16:32:54-07:00,True,63375f0cdb0073e466d9012aad1192c445a5fa64,2025-04-04T16:32:54-07:00,0,0,,https://github.com/vllm-project/vllm/releases/tag/v0.8.3rc1
vllm,v0.8.3,54,True,False,2025-04-06T04:11:42Z,github_published_at,2025-04-06T04:11:42Z,False,296c6572dd1f76b31b93be19e550790afcfb8843,2025-04-05T21:10:57-07:00,False,63375f0cdb0073e466d9012aad1192c445a5fa64,2025-04-04T16:32:54-07:00,2,2,v0.8.2,https://github.com/vllm-project/vllm/releases/tag/v0.8.3
vllm,v0.8.4,55,True,False,2025-04-14T06:14:20Z,github_published_at,2025-04-14T06:14:20Z,False,dc1b4a6f1300003ae27f033afbdff5e2683721ce,2025-04-14T10:13:38+08:00,True,dc1b4a6f1300003ae27f033afbdff5e2683721ce,2025-04-14T10:13:38+08:00,0,0,v0.8.3,https://github.com/vllm-project/vllm/releases/tag/v0.8.4
vllm,v0.8.5,56,True,False,2025-04-28T21:13:09Z,github_published_at,2025-04-28T21:13:09Z,False,ba41cc90e8ef7f236347b2f1599eec2cbb9e1f0d,2025-04-28T15:22:46-07:00,False,dcbac4cb4bd565f964104911b5fac7a5cb837b3b,2025-04-28T14:12:01-07:00,1,1,v0.8.4,https://github.com/vllm-project/vllm/releases/tag/v0.8.5
vllm,v0.8.5.post1,57,True,False,2025-05-02T18:03:41Z,github_published_at,2025-05-02T18:03:41Z,False,3015d5634e74d59704e2b39bab0dbe2e6f86a38a,2025-05-02T11:02:48-07:00,False,dcbac4cb4bd565f964104911b5fac7a5cb837b3b,2025-04-28T14:12:01-07:00,3,3,v0.8.5,https://github.com/vllm-project/vllm/releases/tag/v0.8.5.post1
vllm,v0.9.0,58,True,False,2025-05-15T03:38:25Z,github_published_at,2025-05-15T03:38:25Z,True,58738772410c5e0d60b61db39538a9b313d2d7ad,2025-05-27T09:05:37-07:00,True,58738772410c5e0d60b61db39538a9b313d2d7ad,2025-05-27T09:05:37-07:00,0,0,v0.8.5.post1,https://github.com/vllm-project/vllm/releases/tag/v0.9.0
vllm,v0.9.0.1,59,True,False,2025-05-30T16:11:16Z,github_published_at,2025-05-30T16:11:16Z,False,5fbbfe9a4c13094ad72ed3d6b4ef208a7ddc0fd7,2025-05-30T08:50:58-07:00,False,58738772410c5e0d60b61db39538a9b313d2d7ad,2025-05-27T09:05:37-07:00,1,1,v0.9.0,https://github.com/vllm-project/vllm/releases/tag/v0.9.0.1
vllm,v0.9.1rc1,,False,True,2025-06-09T23:48:20Z,github_published_at,2025-06-09T23:48:20Z,False,3a7cd627a86c61a6dbc8d365c2e3c921b94e9971,2025-06-09T16:41:51-07:00,True,3a7cd627a86c61a6dbc8d365c2e3c921b94e9971,2025-06-09T16:41:51-07:00,0,0,,https://github.com/vllm-project/vllm/releases/tag/v0.9.1rc1
vllm,v0.9.1,60,True,False,2025-06-10T18:30:42Z,github_published_at,2025-06-10T18:30:42Z,False,b6553be1bc75f046b00046a4ad7576364d03c835,2025-06-10T13:51:49Z,True,b6553be1bc75f046b00046a4ad7576364d03c835,2025-06-10T13:51:49Z,0,0,v0.9.0.1,https://github.com/vllm-project/vllm/releases/tag/v0.9.1
vllm,v0.9.2rc1,,False,True,2025-07-03T21:54:06Z,github_published_at,2025-07-03T21:54:06Z,False,2f2fcb31b81f6025a2cc3cb9fe5b95bd03a5861b,2025-07-03T21:41:13Z,True,2f2fcb31b81f6025a2cc3cb9fe5b95bd03a5861b,2025-07-03T21:41:13Z,0,0,,https://github.com/vllm-project/vllm/releases/tag/v0.9.2rc1
vllm,v0.9.2rc2,,False,True,2025-07-06T21:03:04Z,github_published_at,2025-07-06T21:03:04Z,False,a5dd03c1ebc5e4f56f3c9d3dc0436e9c582c978f,2025-07-06T14:02:36-07:00,False,c18b3b8e8bdcebaa150311d2c4911a6428480162,2025-07-06T14:01:48-07:00,1,1,,https://github.com/vllm-project/vllm/releases/tag/v0.9.2rc2
vllm,v0.9.2,61,True,False,2025-07-07T17:05:24Z,github_published_at,2025-07-07T17:05:24Z,False,a5dd03c1ebc5e4f56f3c9d3dc0436e9c582c978f,2025-07-06T14:02:36-07:00,False,c18b3b8e8bdcebaa150311d2c4911a6428480162,2025-07-06T14:01:48-07:00,1,1,v0.9.1,https://github.com/vllm-project/vllm/releases/tag/v0.9.2
vllm,v0.10.0rc1,,False,True,2025-07-20T05:17:50Z,github_published_at,2025-07-20T05:17:50Z,False,d1fb65bde367aa6e3d72520c84b60be3d1539917,2025-07-20T03:22:02Z,True,d1fb65bde367aa6e3d72520c84b60be3d1539917,2025-07-20T03:22:02Z,0,0,,https://github.com/vllm-project/vllm/releases/tag/v0.10.0rc1
vllm,v0.10.0rc2,,False,True,2025-07-24T05:04:43Z,github_published_at,2025-07-24T05:04:43Z,False,6d8d0a24c02bfd84d46b3016b865a44f048ae84b,2025-07-23T21:51:32-07:00,True,6d8d0a24c02bfd84d46b3016b865a44f048ae84b,2025-07-23T21:51:32-07:00,0,0,,https://github.com/vllm-project/vllm/releases/tag/v0.10.0rc2
vllm,v0.10.0,62,True,False,2025-07-24T22:43:46Z,github_published_at,2025-07-24T22:43:46Z,False,6d8d0a24c02bfd84d46b3016b865a44f048ae84b,2025-07-23T21:51:32-07:00,True,6d8d0a24c02bfd84d46b3016b865a44f048ae84b,2025-07-23T21:51:32-07:00,0,0,v0.9.2,https://github.com/vllm-project/vllm/releases/tag/v0.10.0
vllm,v0.10.1rc1,,False,True,2025-08-17T22:57:40Z,github_published_at,2025-08-17T22:57:40Z,False,0fc8fa751a4321d6531467537ff77cf3c1c70260,2025-08-17T15:56:07-07:00,True,0fc8fa751a4321d6531467537ff77cf3c1c70260,2025-08-17T15:56:07-07:00,0,0,,https://github.com/vllm-project/vllm/releases/tag/v0.10.1rc1
vllm,v0.10.1,63,True,False,2025-08-18T04:39:12Z,github_published_at,2025-08-18T04:39:12Z,True,aab549870df50edf0512f0a59b574f692f546465,2025-08-18T15:27:58-07:00,False,0fc8fa751a4321d6531467537ff77cf3c1c70260,2025-08-17T15:56:07-07:00,3,3,v0.10.0,https://github.com/vllm-project/vllm/releases/tag/v0.10.1
vllm,v0.10.1.1,64,True,False,2025-08-20T21:20:50Z,github_published_at,2025-08-20T21:20:50Z,False,1da94e673c257373280026f75ceb4effac80e892,2025-08-20T13:39:42-07:00,False,0fc8fa751a4321d6531467537ff77cf3c1c70260,2025-08-17T15:56:07-07:00,6,6,v0.10.1,https://github.com/vllm-project/vllm/releases/tag/v0.10.1.1
vllm,v0.10.2,65,True,False,2025-09-13T06:37:01Z,github_published_at,2025-09-13T06:37:01Z,True,01efc7ef781391e744ed08c3292817a773d654e6,2025-10-07T13:40:13-07:00,False,880c741bb6d755c1da25d51e10985b4fa06671bd,2025-09-11T18:16:43-07:00,8,9,v0.10.1.1,https://github.com/vllm-project/vllm/releases/tag/v0.10.2
vllm,v0.11.0,66,True,False,2025-10-02T19:17:04Z,github_published_at,2025-10-02T19:17:04Z,True,b8b302cde434df8c9289a2b465406b47ebab1c2d,2025-10-10T11:15:45-07:00,False,b761df963c2032144468a99bcb39a11e73e16ca4,2025-09-26T10:26:33-07:00,34,34,v0.10.2,https://github.com/vllm-project/vllm/releases/tag/v0.11.0
vllm,v0.11.1,67,True,False,2025-11-18T23:03:42Z,github_published_at,2025-11-18T23:03:42Z,False,439368496db48d8f992ba8c606a0c0b1eebbfa69,2025-11-18T00:20:45-08:00,True,439368496db48d8f992ba8c606a0c0b1eebbfa69,2025-11-18T00:20:45-08:00,0,0,v0.11.0,https://github.com/vllm-project/vllm/releases/tag/v0.11.1
vllm,v0.11.2,68,True,False,2025-11-20T07:29:19Z,github_published_at,2025-11-20T07:29:19Z,False,275de34170654274616082721348b7edd9741d32,2025-11-19T14:11:21-08:00,False,439368496db48d8f992ba8c606a0c0b1eebbfa69,2025-11-18T00:20:45-08:00,4,4,v0.11.1,https://github.com/vllm-project/vllm/releases/tag/v0.11.2
vllm,v0.12.0,69,True,False,2025-12-03T09:36:17Z,github_published_at,2025-12-03T09:36:17Z,False,4fd9d6a85c00ac0186aa9abbeff73fc2ac6c721e,2025-12-02T20:38:43-08:00,False,d8c6210eeaa7f3b474e50cf74926f77a8dc79adf,2025-12-02T10:29:00Z,12,12,v0.11.2,https://github.com/vllm-project/vllm/releases/tag/v0.12.0
vllm,v0.13.0,70,True,False,2025-12-19T03:02:22Z,github_published_at,2025-12-19T03:02:22Z,False,72506c98349d6bcd32b4e33eec7b5513453c1502,2025-12-18T14:07:04-08:00,False,c01d589813f40c9ea25db3cdaa2c6c2144ab4e53,2025-12-15T22:00:29Z,17,17,v0.12.0,https://github.com/vllm-project/vllm/releases/tag/v0.13.0
vllm,v0.14.0,71,True,False,2026-01-20T09:20:31Z,github_published_at,2026-01-20T09:20:31Z,False,b17039bccc17b94a2ea107272ad7bc93508708df,2026-01-16T21:04:48-08:00,False,11b6af5280d6d6dfb8953af16e67b25f819b3be9,2026-01-13T05:46:53Z,11,10,v0.13.0,https://github.com/vllm-project/vllm/releases/tag/v0.14.0
vllm,v0.14.1,72,True,False,2026-01-24T20:29:27Z,github_published_at,2026-01-24T20:29:27Z,False,d7de043d55d1dd629554467e23874097e1c48993,2026-01-23T14:22:49-08:00,False,11b6af5280d6d6dfb8953af16e67b25f819b3be9,2026-01-13T05:46:53Z,16,15,v0.14.0,https://github.com/vllm-project/vllm/releases/tag/v0.14.1
vllm,v0.15.0,73,True,False,2026-01-29T10:21:01Z,github_published_at,2026-01-29T10:21:01Z,False,f176443446f659dbab5315e056e605d8984fd976,2026-01-28T22:47:10-08:00,False,11b556878b958043e9c026919d4cba0236c85143,2026-01-26T15:00:28+08:00,9,10,v0.14.1,https://github.com/vllm-project/vllm/releases/tag/v0.15.0
vllm,v0.15.1,74,True,False,2026-02-04T20:48:08Z,github_published_at,2026-02-04T20:48:08Z,False,1892993bc18e243e2c05841314c5e9c06a80c70d,2026-02-03T20:28:32-05:00,False,11b556878b958043e9c026919d4cba0236c85143,2026-01-26T15:00:28+08:00,31,31,v0.15.0,https://github.com/vllm-project/vllm/releases/tag/v0.15.1
vllm,v0.16.0,75,True,False,2026-02-25T19:58:49Z,github_published_at,2026-02-25T19:58:49Z,False,89a77b10846fd96273cce78d86d2556ea582d26e,2026-02-24T20:30:22-08:00,False,22b64948f6f4381bce7ac8ec0487020f0129e1cb,2026-02-09T06:42:38Z,18,16,v0.15.1,https://github.com/vllm-project/vllm/releases/tag/v0.16.0
vllm,v0.17.0,76,True,False,2026-03-07T00:46:41Z,github_published_at,2026-03-07T00:46:41Z,False,b31e9326a7d9394aab8c767f8ebe225c65594b60,2026-03-06T13:04:15-08:00,False,097eb544e9a22810c9b7a59e586b61627b308362,2026-03-04T05:54:32Z,5,4,v0.16.0,https://github.com/vllm-project/vllm/releases/tag/v0.17.0
vllm,v0.17.1,77,True,False,2026-03-11T10:24:34Z,github_published_at,2026-03-11T10:24:34Z,False,95c0f928cdeeaa21c4906e73cee6a156e1b3b995,2026-03-11T02:51:18-07:00,False,097eb544e9a22810c9b7a59e586b61627b308362,2026-03-04T05:54:32Z,16,13,v0.17.0,https://github.com/vllm-project/vllm/releases/tag/v0.17.1
vllm,v0.18.0,78,True,False,2026-03-20T21:31:36Z,github_published_at,2026-03-20T21:31:36Z,False,bcf2be96120005e9aea171927f85055a6a5c0cf6,2026-03-19T15:06:38-07:00,False,2dccb38f73fa79bc629b8b215b8066e61ce4a211,2026-03-16T20:51:04Z,11,10,v0.17.1,https://github.com/vllm-project/vllm/releases/tag/v0.18.0
vllm,v0.18.1,79,True,False,2026-03-31T00:53:26Z,github_published_at,2026-03-31T00:53:26Z,False,a26e8dc7ff2111a005144d775ecf9cebf56c45b2,2026-03-30T12:42:26-07:00,False,2dccb38f73fa79bc629b8b215b8066e61ce4a211,2026-03-16T20:51:04Z,24,18,v0.18.0,https://github.com/vllm-project/vllm/releases/tag/v0.18.1
vllm,v0.19.0,80,True,False,2026-04-03T02:19:12Z,github_published_at,2026-04-03T02:19:12Z,False,2a69949bdadf0e8942b7a1619b229cb475beef20,2026-04-02T16:45:38-07:00,False,d816834c1aa61da8e8703c6e8c368ad22fe76e13,2026-03-29T22:53:43-07:00,13,12,v0.18.1,https://github.com/vllm-project/vllm/releases/tag/v0.19.0
vllm,v0.19.1,81,True,False,2026-04-18T05:44:42Z,github_published_at,2026-04-18T05:44:42Z,False,b1388b1fbf5aaef47937fabe98931211684666a6,2026-04-17T17:57:52-07:00,False,d816834c1aa61da8e8703c6e8c368ad22fe76e13,2026-03-29T22:53:43-07:00,32,30,v0.19.0,https://github.com/vllm-project/vllm/releases/tag/v0.19.1
vllm,v0.20.0,82,True,False,2026-04-27T21:20:28Z,github_published_at,2026-04-27T21:20:28Z,False,88d34c6409e9fb3c7b8ca0c04756f061d2099eb1,2026-04-27T12:04:32-07:00,False,4d51588e2381018348f1022dfa3a7698899805b7,2026-04-26T18:31:08-07:00,4,4,v0.19.1,https://github.com/vllm-project/vllm/releases/tag/v0.20.0
vllm,v0.20.1,83,True,False,2026-05-04T10:36:26Z,github_published_at,2026-05-04T10:36:26Z,False,132765e3560659ff63ebd236203672e991b70e08,2026-05-04T01:56:49-07:00,False,4d51588e2381018348f1022dfa3a7698899805b7,2026-04-26T18:31:08-07:00,33,28,v0.20.0,https://github.com/vllm-project/vllm/releases/tag/v0.20.1
vllm,v0.20.2,84,True,False,2026-05-10T07:37:57Z,github_published_at,2026-05-10T07:37:57Z,False,bc150f50299199599673614f80d12a196f377655,2026-05-07T18:25:36-07:00,False,4d51588e2381018348f1022dfa3a7698899805b7,2026-04-26T18:31:08-07:00,39,32,v0.20.1,https://github.com/vllm-project/vllm/releases/tag/v0.20.2
vllm,v0.21.0,85,True,False,2026-05-15T08:44:26Z,github_published_at,2026-05-15T08:44:26Z,False,ad7125a431e176d4161099480a66f0169609a690,2026-05-14T21:28:34-07:00,False,581b5e9afc98b2711c920699326f3e15f928eea9,2026-05-11T13:53:39+08:00,15,14,v0.20.2,https://github.com/vllm-project/vllm/releases/tag/v0.21.0
vllm,v0.22.0,86,True,False,2026-05-29T10:28:13Z,github_published_at,2026-05-29T10:28:13Z,False,0b3ba88f165976e77ca5e6a7a3f5bba4562b80af,2026-05-29T02:28:43-07:00,False,6f955986e12168fa0e00e0d864c14330b4c72691,2026-05-25T22:43:19-07:00,19,19,v0.21.0,https://github.com/vllm-project/vllm/releases/tag/v0.22.0
vllm,v0.22.1,87,True,False,2026-06-05T10:10:00Z,github_published_at,2026-06-05T10:10:00Z,False,0decac0d96c42b49572498019f0a0e3600f50398,2026-06-03T17:11:47-07:00,False,6f955986e12168fa0e00e0d864c14330b4c72691,2026-05-25T22:43:19-07:00,27,26,v0.22.0,https://github.com/vllm-project/vllm/releases/tag/v0.22.1
vllm,v0.23.0,88,True,False,2026-06-15T05:27:20Z,github_published_at,2026-06-15T05:27:20Z,False,0fc695fc6d1d82e9a5ac6835ac8e4e1c83703665,2026-06-14T20:35:17-07:00,False,967c5c3bc38891f4465d3f4e99917ed837bb3833,2026-06-07T23:00:59-07:00,6,5,v0.22.1,https://github.com/vllm-project/vllm/releases/tag/v0.23.0
vllm,v0.24.0,89,True,False,2026-06-29T19:41:59Z,github_published_at,2026-06-29T19:41:59Z,False,ee0da84ab9e04ac7610e28580af62c365e898389,2026-06-28T00:04:08-07:00,False,6c427dd40141870b9076c9a9f128eec3a7ce86bc,2026-06-23T13:43:53+08:00,18,18,v0.23.0,https://github.com/vllm-project/vllm/releases/tag/v0.24.0
vllm,v0.25.0,90,True,False,2026-07-11T20:06:44Z,github_published_at,2026-07-11T20:06:44Z,False,702f4814fe54fabff350d43cb753ae3e47c0c276,2026-07-11T11:25:04+01:00,False,6db31c8e76f5458177be0d716cca758e51fa2f65,2026-07-07T05:56:40Z,17,17,v0.24.0,https://github.com/vllm-project/vllm/releases/tag/v0.25.0
vllm,v0.25.1,91,True,False,2026-07-14T08:51:20Z,github_published_at,2026-07-14T08:51:20Z,False,752a3a504485790a2e8491cacbb35c137339ad34,2026-07-12T16:40:12-07:00,False,6db31c8e76f5458177be0d716cca758e51fa2f65,2026-07-07T05:56:40Z,19,19,v0.25.0,https://github.com/vllm-project/vllm/releases/tag/v0.25.1
vllm,v0.26.0,92,True,False,2026-07-27T01:06:58Z,github_published_at,2026-07-27T01:06:58Z,False,568afb3a13806beb53bb2e6bd518269357b237c0,2026-07-26T17:57:50-07:00,False,dcfebf93f4eccf30f71872283331eee757915daf,2026-07-20T12:17:18+08:00,12,12,v0.25.1,https://github.com/vllm-project/vllm/releases/tag/v0.26.0
vllm,v0.27.0,93,True,False,2026-08-10T21:18:11Z,github_published_at,2026-08-10T21:18:11Z,False,4bdc8a788d2e2ce9165d552b3d4d8b72604626bf,2026-08-10T11:48:34+01:00,False,f5bb701fa270f5c801f1572e1478b56f292d8dfc,2026-08-03T13:33:14+08:00,17,17,v0.26.0,https://github.com/vllm-project/vllm/releases/tag/v0.27.0
vllm,v0.27.1,94,True,False,2026-08-11T10:47:49Z,github_published_at,2026-08-11T10:47:49Z,False,6e448d0ea9bf3d88d898b65449ca6dc2aec170ac,2026-08-11T01:12:11-07:00,False,f5bb701fa270f5c801f1572e1478b56f292d8dfc,2026-08-03T13:33:14+08:00,21,19,v0.27.0,https://github.com/vllm-project/vllm/releases/tag/v0.27.1
vllm,v0.28.0,95,True,False,2026-08-26T09:46:30Z,github_published_at,2026-08-26T09:46:30Z,False,2cf0a6915ce544dc493a0990f2ea38d81601128a,2026-08-24T16:42:42-07:00,False,53e211d2923192ea1f7442de93d59cfbb150e089,2026-08-17T05:19:07Z,13,13,v0.27.1,https://github.com/vllm-project/vllm/releases/tag/v0.28.0
vllm,v0.29.0,96,True,False,2026-09-09T08:54:49Z,github_published_at,2026-09-09T08:54:49Z,False,98dff2a81d747d1dba01a47f939f48c3526d4206,2026-09-08T01:50:34-07:00,False,f5c3cc240bc1fc0519694fe689edb87dee8dfd92,2026-08-31T13:44:38-07:00,14,13,v0.28.0,https://github.com/vllm-project/vllm/releases/tag/v0.29.0
vllm,v0.30.0,97,True,False,2026-09-22T05:20:54Z,github_published_at,2026-09-22T05:20:54Z,False,ced6857afa0ea7b2e3f0846a62e1394e90f15607,2026-09-21T15:32:49-07:00,False,f2aad6aa70749ccc4604d31d6f8a04c6728c3361,2026-09-15T20:36:51Z,11,11,v0.29.0,https://github.com/vllm-project/vllm/releases/tag/v0.30.0
