kind,lineage,k_releases,basis,at_risk,survived,share
artifact,L1,1,entry_cohort,71,70,0.9859
artifact,L1,1,all_present_releases,1134,1122,0.9894
artifact,L1,2,entry_cohort,68,66,0.9706
artifact,L1,2,all_present_releases,1074,1052,0.9795
artifact,L1,3,entry_cohort,67,65,0.9701
artifact,L1,3,all_present_releases,1017,986,0.9695
artifact,L2,1,entry_cohort,46,46,1.0
artifact,L2,1,all_present_releases,794,792,0.9975
artifact,L2,2,entry_cohort,44,44,1.0
artifact,L2,2,all_present_releases,748,746,0.9973
artifact,L2,3,entry_cohort,43,43,1.0
artifact,L2,3,all_present_releases,704,702,0.9972
artifact,L3,1,entry_cohort,75,75,1.0
artifact,L3,1,all_present_releases,2894,2879,0.9948
artifact,L3,2,entry_cohort,75,75,1.0
artifact,L3,2,all_present_releases,2833,2803,0.9894
artifact,L3,3,entry_cohort,74,73,0.9865
artifact,L3,3,all_present_releases,2772,2727,0.9838
artifact,all,1,entry_cohort,192,191,0.9948
artifact,all,1,all_present_releases,4822,4793,0.994
artifact,all,2,entry_cohort,187,185,0.9893
artifact,all,2,all_present_releases,4655,4601,0.9884
artifact,all,3,entry_cohort,184,181,0.9837
artifact,all,3,all_present_releases,4493,4415,0.9826
move,L1,1,entry_cohort,8,8,1.0
move,L1,1,all_present_releases,178,176,0.9888
move,L1,2,entry_cohort,8,8,1.0
move,L1,2,all_present_releases,170,167,0.9824
move,L1,3,entry_cohort,8,8,1.0
move,L1,3,all_present_releases,162,158,0.9753
move,L2,1,entry_cohort,20,20,1.0
move,L2,1,all_present_releases,412,408,0.9903
move,L2,2,entry_cohort,20,20,1.0
move,L2,2,all_present_releases,393,387,0.9847
move,L2,3,entry_cohort,18,18,1.0
move,L2,3,all_present_releases,374,366,0.9786
move,L3,1,entry_cohort,11,11,1.0
move,L3,1,all_present_releases,702,701,0.9986
move,L3,2,entry_cohort,11,11,1.0
move,L3,2,all_present_releases,692,690,0.9971
move,L3,3,entry_cohort,11,11,1.0
move,L3,3,all_present_releases,682,679,0.9956
move,all,1,entry_cohort,39,39,1.0
move,all,1,all_present_releases,1292,1285,0.9946
move,all,2,entry_cohort,39,39,1.0
move,all,2,all_present_releases,1255,1244,0.9912
move,all,3,entry_cohort,37,37,1.0
move,all,3,all_present_releases,1218,1203,0.9877
artifact_unchanged,L1,1,all_present_releases,1134,507,0.4471
artifact_unchanged,L1,2,all_present_releases,1074,303,0.2821
artifact_unchanged,L1,3,all_present_releases,1017,205,0.2016
artifact_unchanged,L2,1,all_present_releases,794,221,0.2783
artifact_unchanged,L2,2,all_present_releases,748,97,0.1297
artifact_unchanged,L2,3,all_present_releases,704,61,0.0866
artifact_unchanged,L3,1,all_present_releases,2894,1544,0.5335
artifact_unchanged,L3,2,all_present_releases,2833,814,0.2873
artifact_unchanged,L3,3,all_present_releases,2772,527,0.1901
artifact_unchanged,all,1,all_present_releases,4822,2272,0.4712
artifact_unchanged,all,2,all_present_releases,4655,1214,0.2608
artifact_unchanged,all,3,all_present_releases,4493,793,0.1765
