event_id,lineage,type_1,type_2,cause_1,cause_2,ancestry,ancestry_2,parents_1,moves_1,moves_2,moves,artifacts
L1-E-f60f2ccc10,L1,change_default,repair_correctness,correctness,hardware_compiler,disagree_missed_explicit,"{""target"": ""previous_change_on_artifact"", ""repo"": ""sgl-project/sglang"", ""edge_type"": ""textual_successor""}",L1-E-759700c808;L1-E-20554a0a4f,,,agree,partial
L1-E-c05d3afb5d,L1,optimize,optimize,performance,performance,agree_textual,"{""target"": ""894c0dc57cfdef1218c28558e12cdd53f2e14c99"", ""repo"": ""sgl-project/sglang"", ""edge_type"": ""textual_successor""}",L1-E-b8cfa02c01,M-L1-routing-fused-gate-topk,,disagree,partial
L1-E-57ab776910,L1,optimize,optimize,performance,performance,agree_textual,"{""target"": ""previous_change_on_artifact"", ""repo"": ""sgl-project/sglang"", ""edge_type"": ""textual_successor""}",L1-E-8b5f83ed3b,M-L1-align-block-padding,M-L1-align-block-padding,agree,agree
L1-E-f642524fd9,L1,optimize,optimize,performance,performance,agree_explicit,"{""target"": ""PR#8333"", ""repo"": ""sgl-project/sglang"", ""edge_type"": ""optimized_from""}",L1-E-81964328b7;L1-E-58c468f404,M-L1-routing-scale-fusion,M-L1-routing-scale-fusion,agree,agree
L1-E-0e78c63c0e,L1,revert,revert,correctness,correctness,agree_explicit,"{""target"": ""f78b7fd16dbfe32c2ee73c1f3fef49fc1257b27f"", ""repo"": ""sgl-project/sglang"", ""edge_type"": ""reverts""}",L1-E-d4a938417d,,,agree,agree
L1-E-45dcfc2e76,L1,introduce,introduce,performance,performance,agree_explicit,"{""target"": ""PR#3191"", ""repo"": ""sgl-project/sglang"", ""edge_type"": ""reimplementation_of""}",,M-L1-routing-fused-gate-topk,M-L1-routing-fused-gate-topk,agree,agree
L1-E-1fe691a429,L1,repair_correctness,extend_support,correctness,specification,agree_textual,"{""target"": ""previous_change_on_artifact"", ""repo"": ""sgl-project/sglang"", ""edge_type"": ""textual_successor""}",L1-E-48c1fa7bb6,,,agree,agree
L1-E-9fcc9a80e7,L1,repair_correctness,adapt_framework,correctness,framework_integration,disagree_missed_explicit,"{""target"": ""PR#6641"", ""repo"": ""sgl-project/sglang"", ""edge_type"": ""textual_successor""}",L1-E-a5317b2fd3;L1-E-7eb47b0f3d,,,agree,partial
L1-E-82a1b645ba,L1,retune,retune,performance,performance,agree_explicit,"{""target"": ""PR#16723"", ""repo"": ""sgl-project/sglang"", ""edge_type"": ""optimized_from""}",L1-E-b021332339;L1-E-67b61a4e8d,,,agree,agree
L1-E-e179e0b797,L1,adapt_framework,repair_build_dependency,framework_integration,build_dependency,agree_explicit,"{""target"": ""PR#8514"", ""repo"": ""sgl-project/sglang"", ""edge_type"": ""integrates""}",L1-E-9effeb5bdd;L1-E-a5f5ab4030,,,agree,partial
L1-E-490fa9fa44,L1,repair_performance,repair_performance,performance,performance,agree_explicit,"{""target"": ""PR#16945"", ""repo"": ""sgl-project/sglang"", ""edge_type"": ""repairs""}",L1-E-fd535942ac;L1-E-6448de7e96,M-L1-routing-fused-gate-topk,,disagree,agree
L1-E-7ab548ef64,L1,repair_correctness,repair_correctness,correctness,correctness,disagree_different_target,"{""target"": ""PR#13601"", ""repo"": ""sgl-project/sglang"", ""edge_type"": ""repairs""}",L1-E-1b48e1b974,,,agree,partial
L2-E-9062f583db,L2,optimize,optimize,performance,performance,agree_textual,"{""target"": ""previous_change_on_artifact"", ""repo"": ""sgl-project/sglang"", ""edge_type"": ""textual_successor""}",L2-E-8ca09a30f1;L2-E-fd3e11973b,,,agree,partial
L2-E-e26bceb81e,L2,optimize,adapt_framework,performance,framework_integration,agree_textual,"{""target"": ""bde6bccf39ae3f64320e4ff13048dbc8baeee494"", ""repo"": ""sgl-project/sglang"", ""edge_type"": ""textual_successor""}",L2-E-bde6bccf39;L2-E-d5e9176f65,,,agree,agree
L2-E-0fb040cbeb,L2,optimize,optimize,performance,performance,disagree_extra_explicit,"{""target"": ""PR#33112"", ""repo"": ""sgl-project/sglang"", ""edge_type"": ""optimized_from""}",L2-E-d22c4cc177,,,agree,partial
L2-E-83a18e687d,L2,revert,revert,maintenance,correctness,agree_explicit,"{""target"": ""PR#26134"", ""repo"": ""sgl-project/sglang"", ""edge_type"": ""reverts""}",L2-E-d226f75669,,,agree,partial
L2-E-0d244116d2,L2,optimize,extend_support,performance,specification,agree_textual,"{""target"": ""previous_change_on_artifact"", ""repo"": ""sgl-project/sglang"", ""edge_type"": ""textual_successor""}",L2-E-9d878c1f3e;L2-E-d36299ad77;L2-E-9e0ef04e5b,,,agree,partial
L2-E-4f883636a2,L2,optimize,optimize,performance,performance,disagree_extra_explicit,"{""target"": ""PR#28854"", ""repo"": ""sgl-project/sglang"", ""edge_type"": ""optimized_from""}",L2-E-62a28197c0;L2-E-7738062294,M-L2-flashinfer-plan-run-graph,M-L2-flashinfer-plan-run-graph,agree,agree
L2-E-dd49127fe6,L2,extend_support,extend_support,specification,hardware_compiler,agree_textual,"{""target"": ""previous_change_on_artifact"", ""repo"": ""sgl-project/sglang"", ""edge_type"": ""textual_successor""}",L2-E-318a40fdfb,M-L2-paged-latent-kv-fused-writes,,disagree,partial
L2-E-e54009240a,L2,extend_support,extend_support,specification,specification,disagree_missed_explicit,"{""target"": ""PR#37413"", ""repo"": ""sgl-project/sglang"", ""edge_type"": ""textual_successor""}",L2-E-514b45fd34;L2-E-5aa9b8fb3e,,M-L2-paged-latent-kv-fused-writes,disagree,disagree
L2-E-88596739a4,L2,extend_support,extend_support,hardware_compiler,hardware_compiler,agree_textual,"{""target"": ""previous_change_on_artifact"", ""repo"": ""sgl-project/sglang"", ""edge_type"": ""textual_successor""}",L2-E-4793ec7d1a;L2-E-f4b78d137c,,,agree,partial
L2-E-d4db9b028b,L2,repair_correctness,repair_correctness,correctness,correctness,agree_textual,"{""target"": ""previous_change_on_artifact"", ""repo"": ""sgl-project/sglang"", ""edge_type"": ""textual_successor""}",L2-E-1e0e549766,,,agree,agree
L2-E-bde6bccf39,L2,adapt_framework,remove,framework_integration,maintenance,agree_textual,"{""target"": ""previous_change_on_artifact"", ""repo"": ""sgl-project/sglang"", ""edge_type"": ""textual_successor""}",L2-E-f4f30d7d23;L2-E-bd47869ba4;L2-E-2495c02c2c;L2-E-99da43b900;L2-E-ea1d190ed0;L2-E-c5251a98a9;L2-E-8077fb1df7,,,agree,partial
L2-E-df55e911d6,L2,repair_correctness,repair_correctness,correctness,correctness,disagree_extra_explicit,"{""target"": ""PR#33013"", ""repo"": ""sgl-project/sglang"", ""edge_type"": ""repairs""}",L2-E-1496bfee93,,,agree,partial
L3-E-eb0fa43868,L3,optimize,optimize,performance,performance,agree_textual,"{""target"": ""previous_change_on_artifact"", ""repo"": ""vllm-project/vllm"", ""edge_type"": ""textual_successor""}",L3-E-47b9339546,,M-L3-paged-kv-block-table-layout,disagree,agree
L3-E-98f47f2a40,L3,optimize,optimize,performance,performance,agree_textual,"{""target"": ""previous_change_on_artifact"", ""repo"": ""vllm-project/vllm"", ""edge_type"": ""textual_successor""}",L3-E-04668ebe7a,,M-L3-cudagraph-static-metadata,disagree,agree
L3-E-efe7adb5e1,L3,optimize,extend_support,performance,hardware_compiler,agree_textual,"{""target"": ""previous_change_on_artifact"", ""repo"": ""vllm-project/vllm"", ""edge_type"": ""textual_successor""}",L3-E-bf9a5ddb24,,,agree,agree
L3-E-183dad7a85,L3,optimize,port,performance,hardware_compiler,disagree_extra_explicit,"{""target"": ""FlashAttention-3 upstream"", ""repo"": ""Dao-AILab/flash-attention"", ""edge_type"": ""ported_from""}",L3-E-e1a2c699dd;L3-E-a597a57595;L3-E-33437bc6e7,M-L3-flashattention-paged-online-softmax,,disagree,partial
L3-E-0f40557af6,L3,introduce,introduce,performance,performance,agree_textual,"{""target"": ""previous_change_on_artifact"", ""repo"": ""vllm-project/vllm"", ""edge_type"": ""textual_successor""}",,,,agree,agree
L3-E-30800b01c2,L3,integrate,integrate,performance,hardware_compiler,disagree_extra_explicit,"{""target"": ""9157d0514fc251178e98877b4595c701ee8fb482"", ""repo"": ""flashinfer-ai/flashinfer"", ""edge_type"": ""integrates""}",L3-E-8cdc371217;L3-E-9ad0a4588b,,,agree,partial
L3-E-811a6c0972,L3,extend_support,extend_support,hardware_compiler,hardware_compiler,agree_textual,"{""target"": ""previous_change_on_artifact"", ""repo"": ""vllm-project/vllm"", ""edge_type"": ""textual_successor""}",L3-E-7e081ba7ca,,M-L3-rocm-mfma-paged-attention,disagree,agree
L3-E-0db502c8d8,L3,repair_correctness,extend_support,correctness,specification,agree_textual,"{""target"": ""PR#50484"", ""repo"": ""vllm-project/vllm"", ""edge_type"": ""textual_successor""}",,,M-L3-paged-kv-block-table-layout,disagree,agree
L3-E-7154856f3d,L3,repair_correctness,repair_correctness,correctness,correctness,disagree_extra_explicit,"{""target"": ""PR#42095"", ""repo"": ""vllm-project/vllm"", ""edge_type"": ""repairs""}",,,M-L3-paged-kv-block-table-layout,disagree,agree
L3-E-e27d25a0dc,L3,repair_correctness,repair_correctness,correctness,correctness,agree_textual,"{""target"": ""previous_change_on_artifact"", ""repo"": ""vllm-project/vllm"", ""edge_type"": ""textual_successor""}",L3-E-4abfd8796f,,,agree,agree
L3-E-8c1fb50705,L3,adapt_framework,adapt_framework,framework_integration,framework_integration,agree_textual,"{""target"": ""PR#9268"", ""repo"": ""vllm-project/vllm"", ""edge_type"": ""textual_successor""}",L3-E-a78dd3303e;L3-E-482045ee77,,,agree,partial
L3-E-9ff4511e43,L3,extend_support,extend_support,specification,specification,agree_textual,"{""target"": ""previous_change_on_artifact"", ""repo"": ""vllm-project/vllm"", ""edge_type"": ""textual_successor""}",L3-E-0c9a5258f9,,M-L3-flashinfer-plan-cascade,disagree,agree
