repo,state,measure,n,denominator,share
vllm,merged,ev_microbenchmark,165,399,0.4135
vllm,merged,ev_end_to_end,220,399,0.5514
vllm,merged,ev_accuracy_eval,166,399,0.416
vllm,merged,ev_numerical_tests,170,399,0.4261
vllm,merged,ev_multi_hardware,61,399,0.1529
vllm,merged,rq_tests,96,399,0.2406
vllm,merged,rq_other_backend_hw,118,399,0.2957
vllm,merged,cn_integration,145,399,0.3634
vllm,merged,cn_maintenance,105,399,0.2632
vllm,merged,cn_benchmark_method,87,399,0.218
vllm,merged,any_e2e_or_micro,302,399,0.7569
vllm,closed,ev_microbenchmark,100,284,0.3521
vllm,closed,ev_end_to_end,116,284,0.4085
vllm,closed,ev_accuracy_eval,51,284,0.1796
vllm,closed,ev_numerical_tests,130,284,0.4577
vllm,closed,ev_multi_hardware,22,284,0.0775
vllm,closed,rq_tests,22,284,0.0775
vllm,closed,rq_other_backend_hw,33,284,0.1162
vllm,closed,cn_integration,56,284,0.1972
vllm,closed,cn_maintenance,51,284,0.1796
vllm,closed,cn_benchmark_method,57,284,0.2007
vllm,closed,any_e2e_or_micro,175,284,0.6162
vllm,open,ev_microbenchmark,135,317,0.4259
vllm,open,ev_end_to_end,161,317,0.5079
vllm,open,ev_accuracy_eval,74,317,0.2334
vllm,open,ev_numerical_tests,190,317,0.5994
vllm,open,ev_multi_hardware,31,317,0.0978
vllm,open,rq_tests,28,317,0.0883
vllm,open,rq_other_backend_hw,44,317,0.1388
vllm,open,cn_integration,70,317,0.2208
vllm,open,cn_maintenance,44,317,0.1388
vllm,open,cn_benchmark_method,58,317,0.183
vllm,open,any_e2e_or_micro,236,317,0.7445
sglang,merged,ev_microbenchmark,185,460,0.4022
sglang,merged,ev_end_to_end,244,460,0.5304
sglang,merged,ev_accuracy_eval,129,460,0.2804
sglang,merged,ev_numerical_tests,223,460,0.4848
sglang,merged,ev_multi_hardware,61,460,0.1326
sglang,merged,rq_tests,95,460,0.2065
sglang,merged,rq_other_backend_hw,89,460,0.1935
sglang,merged,cn_integration,143,460,0.3109
sglang,merged,cn_maintenance,85,460,0.1848
sglang,merged,cn_benchmark_method,68,460,0.1478
sglang,merged,any_e2e_or_micro,329,460,0.7152
sglang,closed,ev_microbenchmark,105,286,0.3671
sglang,closed,ev_end_to_end,151,286,0.528
sglang,closed,ev_accuracy_eval,64,286,0.2238
sglang,closed,ev_numerical_tests,129,286,0.451
sglang,closed,ev_multi_hardware,29,286,0.1014
sglang,closed,rq_tests,18,286,0.0629
sglang,closed,rq_other_backend_hw,24,286,0.0839
sglang,closed,cn_integration,48,286,0.1678
sglang,closed,cn_maintenance,32,286,0.1119
sglang,closed,cn_benchmark_method,21,286,0.0734
sglang,closed,any_e2e_or_micro,196,286,0.6853
sglang,open,ev_microbenchmark,99,254,0.3898
sglang,open,ev_end_to_end,143,254,0.563
sglang,open,ev_accuracy_eval,63,254,0.248
sglang,open,ev_numerical_tests,160,254,0.6299
sglang,open,ev_multi_hardware,29,254,0.1142
sglang,open,rq_tests,32,254,0.126
sglang,open,rq_other_backend_hw,34,254,0.1339
sglang,open,cn_integration,42,254,0.1654
sglang,open,cn_maintenance,28,254,0.1102
sglang,open,cn_benchmark_method,26,254,0.1024
sglang,open,any_e2e_or_micro,188,254,0.7402
