repo,group,measure,n,share,ci95_low,ci95_high
vllm,performance,ev_microbenchmark,1000,0.4,0.372,0.43
vllm,performance,ev_end_to_end,1000,0.497,0.467,0.526
vllm,performance,ev_accuracy_eval,1000,0.291,0.263,0.32
vllm,performance,ev_numerical_tests,1000,0.49,0.461,0.521
vllm,performance,ev_multi_hardware,1000,0.114,0.093,0.134
vllm,performance,ev_memory,1000,0.164,0.141,0.187
vllm,performance,ev_compile_graph,1000,0.336,0.307,0.367
vllm,performance,rq_tests,1000,0.146,0.124,0.168
vllm,performance,rq_other_backend_hw,1000,0.195,0.17,0.219
vllm,performance,rq_accuracy_eval,1000,0.073,0.057,0.09
vllm,performance,rq_perf_evidence,1000,0.175,0.152,0.195
vllm,performance,cn_integration,1000,0.271,0.244,0.298
vllm,performance,cn_maintenance,1000,0.2,0.176,0.223
vllm,performance,cn_benchmark_method,1000,0.202,0.178,0.227
vllm,performance,cn_documentation,1000,0.103,0.086,0.122
vllm,performance,reviewed_any,1000,0.555,0.525,0.584
vllm,performance,median_substantive_review_rounds,1000,1.0,1.0,1.0
vllm,performance,median_hours_to_first_human_response,652,32.868,25.498,41.699
vllm,performance,median_n_human_reviewers,1000,1.0,1.0,1.0
vllm,performance,median_n_commits,1000,3.0,3.0,3.0
vllm,comparison,ev_microbenchmark,552,0.038,0.0217,0.0543
vllm,comparison,ev_end_to_end,552,0.1322,0.1033,0.1612
vllm,comparison,ev_accuracy_eval,552,0.1159,0.0888,0.1449
vllm,comparison,ev_numerical_tests,552,0.5344,0.4928,0.5761
vllm,comparison,ev_multi_hardware,552,0.0851,0.0634,0.1087
vllm,comparison,ev_memory,552,0.0924,0.0688,0.1159
vllm,comparison,ev_compile_graph,552,0.1431,0.1123,0.1721
vllm,comparison,rq_tests,552,0.1377,0.1087,0.1685
vllm,comparison,rq_other_backend_hw,552,0.1014,0.0779,0.1304
vllm,comparison,rq_accuracy_eval,552,0.0326,0.0181,0.0471
vllm,comparison,rq_perf_evidence,552,0.0562,0.038,0.0761
vllm,comparison,cn_integration,552,0.2409,0.2065,0.2754
vllm,comparison,cn_maintenance,552,0.1667,0.1359,0.1975
vllm,comparison,cn_benchmark_method,552,0.0707,0.0507,0.0924
vllm,comparison,cn_documentation,552,0.1069,0.0815,0.1322
vllm,comparison,reviewed_any,552,0.5362,0.4982,0.5779
vllm,comparison,median_substantive_review_rounds,552,1.0,0.0,1.0
vllm,comparison,median_hours_to_first_human_response,354,13.1,9.527,19.447
vllm,comparison,median_n_human_reviewers,552,1.0,1.0,1.0
vllm,comparison,median_n_commits,552,2.0,2.0,3.0
sglang,performance,ev_microbenchmark,1000,0.389,0.361,0.421
sglang,performance,ev_end_to_end,1000,0.538,0.506,0.57
sglang,performance,ev_accuracy_eval,1000,0.256,0.23,0.282
sglang,performance,ev_numerical_tests,1000,0.512,0.481,0.544
sglang,performance,ev_multi_hardware,1000,0.119,0.098,0.138
sglang,performance,ev_memory,1000,0.207,0.182,0.231
sglang,performance,ev_compile_graph,1000,0.342,0.314,0.374
sglang,performance,rq_tests,1000,0.145,0.125,0.166
sglang,performance,rq_other_backend_hw,1000,0.147,0.125,0.168
sglang,performance,rq_accuracy_eval,1000,0.057,0.043,0.072
sglang,performance,rq_perf_evidence,1000,0.089,0.073,0.107
sglang,performance,cn_integration,1000,0.233,0.207,0.258
sglang,performance,cn_maintenance,1000,0.145,0.122,0.167
sglang,performance,cn_benchmark_method,1000,0.115,0.095,0.134
sglang,performance,cn_documentation,1000,0.067,0.053,0.083
sglang,performance,reviewed_any,1000,0.425,0.395,0.456
sglang,performance,median_substantive_review_rounds,1000,0.0,0.0,0.0
sglang,performance,median_hours_to_first_human_response,519,39.48,28.674,55.43
sglang,performance,median_n_human_reviewers,1000,1.0,1.0,1.0
sglang,performance,median_n_commits,1000,4.0,3.0,4.0
sglang,comparison,ev_microbenchmark,553,0.0452,0.0271,0.0633
sglang,comparison,ev_end_to_end,553,0.1627,0.1338,0.1935
sglang,comparison,ev_accuracy_eval,553,0.1085,0.0832,0.1338
sglang,comparison,ev_numerical_tests,553,0.4069,0.3652,0.4467
sglang,comparison,ev_multi_hardware,553,0.0832,0.0615,0.1049
sglang,comparison,ev_memory,553,0.0995,0.0777,0.1248
sglang,comparison,ev_compile_graph,553,0.132,0.1031,0.1609
sglang,comparison,rq_tests,553,0.0814,0.0597,0.1049
sglang,comparison,rq_other_backend_hw,553,0.0759,0.0542,0.0995
sglang,comparison,rq_accuracy_eval,553,0.0108,0.0036,0.0199
sglang,comparison,rq_perf_evidence,553,0.0362,0.0217,0.0542
sglang,comparison,cn_integration,553,0.141,0.1121,0.1718
sglang,comparison,cn_maintenance,553,0.1031,0.0796,0.1302
sglang,comparison,cn_benchmark_method,553,0.0542,0.0362,0.0741
sglang,comparison,cn_documentation,553,0.0434,0.0271,0.0615
sglang,comparison,reviewed_any,553,0.3273,0.2893,0.3671
sglang,comparison,median_substantive_review_rounds,553,0.0,0.0,0.0
sglang,comparison,median_hours_to_first_human_response,241,26.337,18.191,38.345
sglang,comparison,median_n_human_reviewers,553,0.0,0.0,0.0
sglang,comparison,median_n_commits,553,3.0,2.0,3.0
