request_type,n,percent_agreement,cohen_kappa,prevalence_pass1,prevalence_pass2
ALL (mean Jaccard of type sets),150,0.6551,,,
add_correctness_unit_test,150,0.96,0.8402,0.1467,0.1467
run_accuracy_eval,150,0.98,0.8588,0.08,0.0733
provide_kernel_microbenchmark,150,0.96,0.6053,0.04,0.0667
provide_end_to_end_benchmark,150,0.9467,0.6379,0.0867,0.0733
compare_against_correct_baseline,150,0.94,0.4417,0.0733,0.04
provide_reproduction_details,150,0.96,0.7297,0.1,0.06
provide_profile_or_trace,150,1.0,1.0,0.0133,0.0133
provide_ablation_or_sensitivity,150,0.9667,0.744,0.0667,0.0733
explain_design_or_rationale,150,0.9133,0.7467,0.18,0.2533
test_other_hardware_architectures,150,0.9,0.3531,0.1133,0.0533
add_hardware_backend_guard,150,0.9333,0.6684,0.12,0.1067
handle_unsupported_shapes_dtypes_layouts,150,0.88,0.5233,0.1733,0.12
verify_parallelism_distributed_modes,150,0.9533,0.6085,0.08,0.0467
test_affected_models_or_modes,150,0.92,0.6063,0.1467,0.08
preserve_default_or_add_feature_gate,150,0.9467,0.6377,0.08,0.08
design_config_api_or_env_knob,150,0.9467,0.685,0.0867,0.1
ensure_cuda_graph_or_torch_compile_compatibility,150,0.9667,0.7444,0.08,0.06
avoid_hot_path_overhead_or_extra_copies,150,0.9267,0.6442,0.1133,0.12
report_or_mitigate_memory_impact,150,0.98,0.8317,0.0733,0.0533
avoid_cross_feature_regressions,150,0.8867,0.6119,0.2,0.1533
integrate_build_registration_dependencies,150,0.9467,0.6078,0.08,0.0667
add_defensive_validation_assertions,150,0.9133,0.6187,0.1533,0.1067
fix_functional_correctness_issue,150,0.86,0.605,0.24,0.22
reuse_existing_kernel_or_utility,150,0.8867,0.476,0.12,0.1267
move_code_to_proper_module,150,0.9867,0.9095,0.0867,0.0733
simplify_refactor_api_structure,150,0.96,0.8718,0.1933,0.1933
remove_dead_redundant_debug_code,150,0.94,0.7805,0.16,0.1667
naming_style_consistency,150,0.96,0.7648,0.0733,0.1133
add_explanatory_comments_docstrings,150,0.9533,0.7942,0.1133,0.1467
update_docs_readme_or_pr_description,150,0.9533,0.6067,0.0667,0.06
organize_test_or_benchmark_files,150,0.9667,0.7826,0.1,0.0667
reduce_pr_scope_or_split,150,0.9467,0.6386,0.0933,0.0667
fix_ci_lint_precommit_or_dco,150,0.94,0.6936,0.1067,0.1133
rebase_or_resolve_conflicts,150,1.0,1.0,0.06,0.06
resolve_dependency_or_overlapping_pr,150,0.9267,0.5528,0.1,0.08
