repo,id,state,n_request_types,n_undocumented,n_partially_documented,undocumented_types
vllm,vllm#51238,closed,3,1,1,fix_functional_correctness_issue
vllm,vllm#55557,merged,8,2,4,remove_dead_redundant_debug_code;simplify_refactor_api_structure
vllm,vllm#52616,merged,0,0,0,
vllm,vllm#40638,open,9,2,6,add_hardware_backend_guard;simplify_refactor_api_structure
vllm,vllm#34636,merged,2,0,0,
vllm,vllm#57330,open,1,0,1,
vllm,vllm#44612,merged,5,2,3,remove_dead_redundant_debug_code;simplify_refactor_api_structure
vllm,vllm#50114,open,0,0,0,
vllm,vllm#58403,open,0,0,0,
vllm,vllm#37673,merged,3,2,1,avoid_cross_feature_regressions;simplify_refactor_api_structure
vllm,vllm#41458,merged,2,0,1,
vllm,vllm#49978,closed,1,0,1,
vllm,vllm#57930,open,3,1,2,simplify_refactor_api_structure
vllm,vllm#49168,closed,1,0,1,
vllm,vllm#37352,merged,5,1,4,add_hardware_backend_guard
vllm,vllm#43331,merged,7,1,5,remove_dead_redundant_debug_code
vllm,vllm#47882,closed,1,0,1,
vllm,vllm#30471,closed,2,0,2,
vllm,vllm#47423,merged,2,1,1,simplify_refactor_api_structure
vllm,vllm#58820,open,1,0,1,
vllm,vllm#53396,merged,5,2,2,avoid_cross_feature_regressions;simplify_refactor_api_structure
vllm,vllm#29691,merged,8,2,4,fix_functional_correctness_issue;report_or_mitigate_memory_impact
vllm,vllm#27216,closed,3,1,1,simplify_refactor_api_structure
vllm,vllm#31598,closed,3,0,3,
vllm,vllm#54103,open,6,3,2,avoid_cross_feature_regressions;fix_functional_correctness_issue;test_other_hardware_architectures
vllm,vllm#57640,open,4,2,2,remove_dead_redundant_debug_code;simplify_refactor_api_structure
vllm,vllm#26714,merged,1,1,0,remove_dead_redundant_debug_code
vllm,vllm#34457,merged,3,0,1,
vllm,vllm#42774,merged,2,0,2,
vllm,vllm#38479,merged,7,3,3,add_hardware_backend_guard;fix_functional_correctness_issue;simplify_refactor_api_structure
vllm,vllm#40172,merged,7,2,2,avoid_cross_feature_regressions;simplify_refactor_api_structure
vllm,vllm#52971,closed,3,1,1,remove_dead_redundant_debug_code
vllm,vllm#51855,merged,2,0,1,
vllm,vllm#55062,merged,1,0,1,
vllm,vllm#40887,open,0,0,0,
vllm,vllm#42988,merged,3,0,3,
vllm,vllm#37316,closed,2,0,2,
vllm,vllm#33890,closed,3,0,3,
vllm,vllm#53576,merged,1,0,1,
vllm,vllm#29502,closed,0,0,0,
vllm,vllm#45991,merged,3,1,0,add_hardware_backend_guard
vllm,vllm#36447,closed,4,0,2,
vllm,vllm#29937,merged,0,0,0,
vllm,vllm#41160,merged,1,0,1,
vllm,vllm#31167,merged,0,0,0,
vllm,vllm#43667,merged,0,0,0,
vllm,vllm#31690,closed,3,1,2,simplify_refactor_api_structure
vllm,vllm#53492,open,7,1,4,remove_dead_redundant_debug_code
vllm,vllm#51605,open,1,1,0,simplify_refactor_api_structure
vllm,vllm#43101,closed,2,0,2,
vllm,vllm#51406,open,1,0,1,
vllm,vllm#42241,closed,3,3,0,add_hardware_backend_guard;remove_dead_redundant_debug_code;simplify_refactor_api_structure
vllm,vllm#38460,merged,0,0,0,
vllm,vllm#57329,open,0,0,0,
vllm,vllm#31246,merged,10,4,5,avoid_cross_feature_regressions;fix_functional_correctness_issue;remove_dead_redundant_debug_code;simplify_refactor_api_structure
vllm,vllm#51794,merged,1,0,1,
vllm,vllm#32437,merged,9,4,4,add_hardware_backend_guard;fix_functional_correctness_issue;remove_dead_redundant_debug_code;simplify_refactor_api_structure
vllm,vllm#58045,merged,2,1,1,add_hardware_backend_guard
vllm,vllm#58450,merged,0,0,0,
vllm,vllm#43853,merged,3,1,1,remove_dead_redundant_debug_code
vllm,vllm#41217,merged,5,3,1,add_hardware_backend_guard;remove_dead_redundant_debug_code;test_other_hardware_architectures
vllm,vllm#29553,merged,1,0,0,
vllm,vllm#31354,closed,8,1,4,report_or_mitigate_memory_impact
vllm,vllm#55737,merged,3,2,1,avoid_cross_feature_regressions;remove_dead_redundant_debug_code
vllm,vllm#37192,closed,0,0,0,
vllm,vllm#31846,closed,3,0,2,
vllm,vllm#33593,merged,3,0,2,
vllm,vllm#54185,merged,2,0,2,
vllm,vllm#43257,open,0,0,0,
vllm,vllm#49888,open,0,0,0,
vllm,vllm#43169,merged,3,2,1,add_hardware_backend_guard;report_or_mitigate_memory_impact
vllm,vllm#53781,merged,5,2,2,avoid_cross_feature_regressions;simplify_refactor_api_structure
vllm,vllm#30885,merged,4,1,3,simplify_refactor_api_structure
vllm,vllm#51088,closed,1,1,0,fix_functional_correctness_issue
vllm,vllm#33815,closed,1,1,0,fix_functional_correctness_issue
vllm,vllm#36307,merged,2,0,1,
vllm,vllm#48476,merged,5,1,3,report_or_mitigate_memory_impact
vllm,vllm#26504,closed,5,2,2,remove_dead_redundant_debug_code;simplify_refactor_api_structure
vllm,vllm#31653,closed,0,0,0,
vllm,vllm#58201,merged,1,0,1,
vllm,vllm#56036,open,4,0,2,
vllm,vllm#35397,merged,3,0,3,
vllm,vllm#54846,open,2,0,1,
vllm,vllm#32058,merged,2,1,1,simplify_refactor_api_structure
vllm,vllm#58051,merged,2,1,0,simplify_refactor_api_structure
vllm,vllm#32414,merged,7,3,3,fix_functional_correctness_issue;remove_dead_redundant_debug_code;simplify_refactor_api_structure
vllm,vllm#56466,open,0,0,0,
vllm,vllm#48597,merged,4,1,3,simplify_refactor_api_structure
vllm,vllm#49775,open,8,1,5,fix_functional_correctness_issue
vllm,vllm#52676,merged,13,2,9,remove_dead_redundant_debug_code;simplify_refactor_api_structure
vllm,vllm#43137,closed,4,1,3,fix_functional_correctness_issue
vllm,vllm#38065,merged,7,2,3,add_hardware_backend_guard;simplify_refactor_api_structure
vllm,vllm#43994,merged,3,1,0,test_other_hardware_architectures
vllm,vllm#48804,closed,1,1,0,fix_functional_correctness_issue
vllm,vllm#36253,merged,0,0,0,
vllm,vllm#57107,merged,1,0,1,
vllm,vllm#57435,merged,5,0,3,
vllm,vllm#51919,open,1,0,1,
vllm,vllm#47070,merged,0,0,0,
vllm,vllm#43081,merged,2,1,0,fix_functional_correctness_issue
vllm,vllm#38877,merged,4,1,3,simplify_refactor_api_structure
vllm,vllm#47288,merged,9,1,4,remove_dead_redundant_debug_code
vllm,vllm#35850,merged,0,0,0,
vllm,vllm#31533,merged,4,2,1,add_hardware_backend_guard;remove_dead_redundant_debug_code
vllm,vllm#48935,closed,0,0,0,
vllm,vllm#50554,closed,0,0,0,
vllm,vllm#29193,merged,0,0,0,
vllm,vllm#51453,merged,2,0,2,
vllm,vllm#50439,merged,1,0,0,
vllm,vllm#34984,merged,4,1,3,simplify_refactor_api_structure
vllm,vllm#27299,closed,2,0,1,
vllm,vllm#51210,merged,1,0,1,
vllm,vllm#28850,closed,5,1,4,simplify_refactor_api_structure
vllm,vllm#29708,merged,1,0,0,
vllm,vllm#26084,merged,4,1,2,remove_dead_redundant_debug_code
vllm,vllm#26763,merged,1,0,1,
vllm,vllm#39616,merged,3,1,1,remove_dead_redundant_debug_code
vllm,vllm#48792,open,0,0,0,
vllm,vllm#42792,open,4,2,2,avoid_cross_feature_regressions;fix_functional_correctness_issue
vllm,vllm#36159,merged,5,1,3,simplify_refactor_api_structure
vllm,vllm#55059,merged,2,0,2,
vllm,vllm#54503,open,0,0,0,
vllm,vllm#58539,open,0,0,0,
vllm,vllm#53040,merged,0,0,0,
vllm,vllm#57978,open,0,0,0,
vllm,vllm#46720,merged,7,1,4,report_or_mitigate_memory_impact
vllm,vllm#46903,closed,3,0,3,
vllm,vllm#38361,merged,5,2,3,avoid_cross_feature_regressions;simplify_refactor_api_structure
vllm,vllm#29051,closed,3,1,2,simplify_refactor_api_structure
vllm,vllm#32996,merged,10,4,3,fix_functional_correctness_issue;remove_dead_redundant_debug_code;simplify_refactor_api_structure;test_other_hardware_architectures
vllm,vllm#47040,merged,0,0,0,
vllm,vllm#49436,merged,2,1,1,test_other_hardware_architectures
vllm,vllm#34726,merged,4,0,2,
vllm,vllm#48666,merged,2,1,1,remove_dead_redundant_debug_code
vllm,vllm#28672,merged,9,1,5,simplify_refactor_api_structure
vllm,vllm#44573,open,7,3,4,add_hardware_backend_guard;fix_functional_correctness_issue;simplify_refactor_api_structure
vllm,vllm#35739,closed,2,0,1,
vllm,vllm#28892,merged,3,0,2,
vllm,vllm#42086,closed,1,1,0,avoid_cross_feature_regressions
vllm,vllm#36072,open,3,1,2,test_other_hardware_architectures
vllm,vllm#41601,open,6,1,4,avoid_cross_feature_regressions
vllm,vllm#29600,merged,0,0,0,
vllm,vllm#49142,open,2,0,2,
vllm,vllm#48017,merged,2,2,0,remove_dead_redundant_debug_code;simplify_refactor_api_structure
vllm,vllm#58400,merged,0,0,0,
vllm,vllm#44572,merged,0,0,0,
vllm,vllm#52033,merged,3,2,1,add_hardware_backend_guard;avoid_cross_feature_regressions
vllm,vllm#35301,closed,5,1,4,fix_functional_correctness_issue
vllm,vllm#49678,open,3,1,1,fix_functional_correctness_issue
vllm,vllm#34109,merged,7,2,4,avoid_cross_feature_regressions;remove_dead_redundant_debug_code
vllm,vllm#49171,open,3,1,2,simplify_refactor_api_structure
vllm,vllm#46234,closed,5,3,0,avoid_cross_feature_regressions;fix_functional_correctness_issue;simplify_refactor_api_structure
vllm,vllm#34206,merged,4,0,3,
vllm,vllm#29237,closed,9,2,4,add_hardware_backend_guard;simplify_refactor_api_structure
vllm,vllm#26647,merged,1,0,1,
vllm,vllm#56177,open,0,0,0,
vllm,vllm#46189,merged,2,1,1,add_hardware_backend_guard
vllm,vllm#32104,merged,9,2,5,remove_dead_redundant_debug_code;simplify_refactor_api_structure
vllm,vllm#52559,open,0,0,0,
vllm,vllm#27512,merged,4,0,1,
vllm,vllm#42098,merged,0,0,0,
vllm,vllm#42562,merged,8,3,2,add_hardware_backend_guard;simplify_refactor_api_structure;test_other_hardware_architectures
vllm,vllm#56322,open,8,3,4,fix_functional_correctness_issue;remove_dead_redundant_debug_code;simplify_refactor_api_structure
vllm,vllm#48209,merged,2,0,2,
vllm,vllm#38020,closed,1,1,0,fix_functional_correctness_issue
vllm,vllm#32655,merged,7,2,3,remove_dead_redundant_debug_code;simplify_refactor_api_structure
vllm,vllm#58459,merged,1,1,0,fix_functional_correctness_issue
vllm,vllm#46634,merged,1,1,0,avoid_cross_feature_regressions
vllm,vllm#45151,open,0,0,0,
vllm,vllm#37825,closed,0,0,0,
vllm,vllm#36205,merged,15,3,7,remove_dead_redundant_debug_code;report_or_mitigate_memory_impact;simplify_refactor_api_structure
vllm,vllm#40098,closed,2,0,1,
vllm,vllm#31548,closed,11,3,6,add_hardware_backend_guard;remove_dead_redundant_debug_code;simplify_refactor_api_structure
vllm,vllm#46051,merged,3,1,2,avoid_cross_feature_regressions
vllm,vllm#54194,merged,1,0,0,
vllm,vllm#57184,open,5,2,3,remove_dead_redundant_debug_code;simplify_refactor_api_structure
vllm,vllm#31723,closed,1,0,1,
vllm,vllm#53878,merged,2,1,1,report_or_mitigate_memory_impact
vllm,vllm#27435,merged,8,2,2,remove_dead_redundant_debug_code;simplify_refactor_api_structure
vllm,vllm#46428,merged,3,1,1,fix_functional_correctness_issue
vllm,vllm#52263,merged,7,2,2,fix_functional_correctness_issue;simplify_refactor_api_structure
vllm,vllm#44173,merged,0,0,0,
vllm,vllm#46699,open,1,0,1,
vllm,vllm#27532,merged,12,4,7,avoid_cross_feature_regressions;remove_dead_redundant_debug_code;report_or_mitigate_memory_impact;simplify_refactor_api_structure
vllm,vllm#44010,merged,3,0,1,
vllm,vllm#53273,open,1,1,0,remove_dead_redundant_debug_code
vllm,vllm#36277,closed,1,0,1,
vllm,vllm#50317,open,3,0,2,
vllm,vllm#48156,open,5,3,2,add_hardware_backend_guard;simplify_refactor_api_structure;test_other_hardware_architectures
vllm,vllm#26051,merged,2,0,0,
vllm,vllm#27376,closed,5,1,3,fix_functional_correctness_issue
vllm,vllm#34462,closed,5,2,3,avoid_cross_feature_regressions;fix_functional_correctness_issue
vllm,vllm#40850,merged,0,0,0,
vllm,vllm#50762,open,0,0,0,
vllm,vllm#42666,merged,0,0,0,
vllm,vllm#41433,merged,0,0,0,
vllm,vllm#39943,open,5,1,4,avoid_cross_feature_regressions
vllm,vllm#38211,closed,0,0,0,
vllm,vllm#41737,closed,1,0,1,
vllm,vllm#29642,merged,9,2,5,remove_dead_redundant_debug_code;simplify_refactor_api_structure
vllm,vllm#44849,merged,7,1,4,remove_dead_redundant_debug_code
vllm,vllm#37539,merged,2,0,0,
vllm,vllm#47156,merged,2,1,1,simplify_refactor_api_structure
vllm,vllm#55629,merged,1,0,1,
vllm,vllm#58760,open,3,1,2,test_other_hardware_architectures
vllm,vllm#57443,open,1,0,1,
vllm,vllm#26680,merged,3,1,2,avoid_cross_feature_regressions
vllm,vllm#26682,merged,2,0,0,
vllm,vllm#38981,merged,3,0,2,
vllm,vllm#46123,open,1,0,1,
vllm,vllm#44071,closed,2,0,2,
vllm,vllm#45726,closed,1,0,1,
vllm,vllm#25955,merged,5,1,3,remove_dead_redundant_debug_code
vllm,vllm#53133,open,4,1,2,simplify_refactor_api_structure
vllm,vllm#33780,open,8,3,5,fix_functional_correctness_issue;remove_dead_redundant_debug_code;simplify_refactor_api_structure
vllm,vllm#46597,closed,3,1,0,remove_dead_redundant_debug_code
vllm,vllm#42294,closed,5,2,1,fix_functional_correctness_issue;remove_dead_redundant_debug_code
vllm,vllm#32056,merged,2,1,1,simplify_refactor_api_structure
vllm,vllm#34260,merged,4,2,2,remove_dead_redundant_debug_code;test_other_hardware_architectures
vllm,vllm#58762,merged,5,3,1,add_hardware_backend_guard;avoid_cross_feature_regressions;remove_dead_redundant_debug_code
vllm,vllm#52795,merged,1,1,0,simplify_refactor_api_structure
vllm,vllm#50157,merged,4,1,2,remove_dead_redundant_debug_code
vllm,vllm#28479,merged,4,1,2,simplify_refactor_api_structure
vllm,vllm#49607,merged,6,3,2,avoid_cross_feature_regressions;fix_functional_correctness_issue;simplify_refactor_api_structure
vllm,vllm#50096,open,8,4,3,add_hardware_backend_guard;remove_dead_redundant_debug_code;simplify_refactor_api_structure;test_other_hardware_architectures
vllm,vllm#33691,closed,2,0,1,
vllm,vllm#28687,merged,9,2,4,simplify_refactor_api_structure;test_other_hardware_architectures
vllm,vllm#56301,open,6,0,2,
vllm,vllm#50572,merged,3,1,1,simplify_refactor_api_structure
vllm,vllm#39987,merged,8,1,7,simplify_refactor_api_structure
vllm,vllm#58456,merged,0,0,0,
vllm,vllm#47979,open,2,1,1,test_other_hardware_architectures
vllm,vllm#41518,open,7,2,2,avoid_cross_feature_regressions;simplify_refactor_api_structure
vllm,vllm#44167,open,2,1,1,simplify_refactor_api_structure
vllm,vllm#57832,open,6,2,3,avoid_cross_feature_regressions;fix_functional_correctness_issue
vllm,vllm#43633,merged,2,0,1,
vllm,vllm#31743,closed,9,0,8,
vllm,vllm#44639,merged,8,4,4,add_hardware_backend_guard;remove_dead_redundant_debug_code;simplify_refactor_api_structure;test_other_hardware_architectures
vllm,vllm#29354,merged,9,2,4,fix_functional_correctness_issue;simplify_refactor_api_structure
vllm,vllm#40828,open,11,1,7,fix_functional_correctness_issue
vllm,vllm#37281,closed,4,2,2,report_or_mitigate_memory_impact;simplify_refactor_api_structure
vllm,vllm#46353,merged,1,1,0,remove_dead_redundant_debug_code
vllm,vllm#33538,merged,0,0,0,
vllm,vllm#55749,open,2,0,1,
vllm,vllm#29211,closed,2,0,2,
vllm,vllm#27943,closed,8,0,7,
vllm,vllm#28095,merged,2,0,1,
vllm,vllm#55170,merged,2,1,1,test_other_hardware_architectures
vllm,vllm#30984,closed,2,0,1,
vllm,vllm#33467,merged,4,2,2,fix_functional_correctness_issue;simplify_refactor_api_structure
vllm,vllm#48137,merged,2,1,1,remove_dead_redundant_debug_code
vllm,vllm#40013,merged,0,0,0,
vllm,vllm#47686,closed,1,0,1,
vllm,vllm#46393,merged,3,1,2,add_hardware_backend_guard
vllm,vllm#40711,merged,5,2,2,add_hardware_backend_guard;simplify_refactor_api_structure
vllm,vllm#26146,merged,3,0,2,
vllm,vllm#38983,closed,5,0,4,
vllm,vllm#56344,closed,4,3,1,add_hardware_backend_guard;simplify_refactor_api_structure;test_other_hardware_architectures
vllm,vllm#53678,merged,4,1,1,add_hardware_backend_guard
vllm,vllm#44176,merged,2,0,1,
vllm,vllm#41748,open,1,0,1,
vllm,vllm#53913,open,3,1,2,remove_dead_redundant_debug_code
vllm,vllm#47081,merged,8,2,2,avoid_cross_feature_regressions;remove_dead_redundant_debug_code
vllm,vllm#34037,closed,1,0,1,
vllm,vllm#34632,closed,5,3,1,add_hardware_backend_guard;remove_dead_redundant_debug_code;test_other_hardware_architectures
vllm,vllm#41222,closed,2,0,1,
vllm,vllm#53001,closed,2,0,1,
vllm,vllm#30274,closed,1,0,1,
vllm,vllm#53003,open,3,0,2,
vllm,vllm#45354,open,3,2,0,fix_functional_correctness_issue;test_other_hardware_architectures
vllm,vllm#37227,closed,1,1,0,fix_functional_correctness_issue
vllm,vllm#37252,merged,1,0,0,
vllm,vllm#30030,closed,2,0,0,
vllm,vllm#57979,open,0,0,0,
vllm,vllm#26961,merged,2,0,1,
vllm,vllm#40670,closed,2,0,2,
vllm,vllm#58405,open,7,3,2,add_hardware_backend_guard;avoid_cross_feature_regressions;test_other_hardware_architectures
vllm,vllm#54266,closed,1,0,1,
vllm,vllm#54151,open,3,1,2,test_other_hardware_architectures
vllm,vllm#58151,open,4,0,3,
vllm,vllm#46849,merged,11,1,8,add_hardware_backend_guard
vllm,vllm#57886,closed,6,0,6,
vllm,vllm#27407,closed,2,0,2,
vllm,vllm#42651,merged,0,0,0,
vllm,vllm#49953,open,3,1,0,avoid_cross_feature_regressions
vllm,vllm#37353,open,2,0,2,
vllm,vllm#57585,open,1,0,0,
vllm,vllm#32770,merged,12,4,6,avoid_cross_feature_regressions;remove_dead_redundant_debug_code;simplify_refactor_api_structure;test_other_hardware_architectures
vllm,vllm#52781,merged,4,0,3,
vllm,vllm#46026,merged,1,0,0,
vllm,vllm#30022,closed,1,0,1,
vllm,vllm#42832,merged,11,1,6,avoid_cross_feature_regressions
vllm,vllm#37239,closed,6,0,6,
vllm,vllm#40798,closed,13,3,8,avoid_cross_feature_regressions;fix_functional_correctness_issue;report_or_mitigate_memory_impact
vllm,vllm#27897,merged,13,5,5,add_hardware_backend_guard;avoid_cross_feature_regressions;fix_functional_correctness_issue;remove_dead_redundant_debug_code;test_other_hardware_architectures
vllm,vllm#52878,closed,5,0,3,
vllm,vllm#36689,closed,3,0,3,
vllm,vllm#46239,open,0,0,0,
vllm,vllm#45120,open,9,3,3,avoid_cross_feature_regressions;fix_functional_correctness_issue;remove_dead_redundant_debug_code
vllm,vllm#49037,open,0,0,0,
vllm,vllm#50613,merged,5,3,2,avoid_cross_feature_regressions;remove_dead_redundant_debug_code;simplify_refactor_api_structure
vllm,vllm#50949,merged,3,2,1,avoid_cross_feature_regressions;simplify_refactor_api_structure
vllm,vllm#54682,merged,7,2,5,add_hardware_backend_guard;fix_functional_correctness_issue
vllm,vllm#45061,merged,3,1,2,simplify_refactor_api_structure
vllm,vllm#35794,merged,5,0,3,
vllm,vllm#36893,closed,9,2,4,avoid_cross_feature_regressions;remove_dead_redundant_debug_code
vllm,vllm#58074,open,3,0,3,
vllm,vllm#46761,merged,1,0,1,
vllm,vllm#40408,merged,6,0,4,
vllm,vllm#51171,merged,12,3,5,avoid_cross_feature_regressions;fix_functional_correctness_issue;test_other_hardware_architectures
vllm,vllm#44667,merged,3,2,1,fix_functional_correctness_issue;remove_dead_redundant_debug_code
vllm,vllm#49744,open,0,0,0,
vllm,vllm#56694,open,1,0,1,
vllm,vllm#49131,open,5,2,3,avoid_cross_feature_regressions;test_other_hardware_architectures
vllm,vllm#27192,closed,0,0,0,
vllm,vllm#54594,closed,0,0,0,
vllm,vllm#28032,merged,10,3,5,avoid_cross_feature_regressions;fix_functional_correctness_issue;report_or_mitigate_memory_impact
vllm,vllm#43103,merged,0,0,0,
vllm,vllm#29627,merged,0,0,0,
vllm,vllm#28406,merged,9,2,4,add_hardware_backend_guard;avoid_cross_feature_regressions
vllm,vllm#45883,open,12,2,7,avoid_cross_feature_regressions;test_other_hardware_architectures
vllm,vllm#54637,open,3,2,1,avoid_cross_feature_regressions;remove_dead_redundant_debug_code
vllm,vllm#36517,merged,6,1,5,avoid_cross_feature_regressions
vllm,vllm#42436,merged,1,0,0,
vllm,vllm#30647,merged,12,3,8,fix_functional_correctness_issue;remove_dead_redundant_debug_code;simplify_refactor_api_structure
vllm,vllm#31938,closed,1,0,1,
vllm,vllm#42982,merged,8,1,5,remove_dead_redundant_debug_code
vllm,vllm#57952,open,9,4,5,avoid_cross_feature_regressions;fix_functional_correctness_issue;remove_dead_redundant_debug_code;simplify_refactor_api_structure
vllm,vllm#39568,merged,3,3,0,add_hardware_backend_guard;avoid_cross_feature_regressions;fix_functional_correctness_issue
vllm,vllm#58547,open,0,0,0,
vllm,vllm#55876,open,4,1,3,avoid_cross_feature_regressions
vllm,vllm#48781,merged,2,0,2,
vllm,vllm#30976,merged,9,1,6,avoid_cross_feature_regressions
vllm,vllm#53847,open,5,1,3,test_other_hardware_architectures
vllm,vllm#56743,merged,6,2,2,avoid_cross_feature_regressions;simplify_refactor_api_structure
vllm,vllm#43232,merged,15,3,7,avoid_cross_feature_regressions;fix_functional_correctness_issue;remove_dead_redundant_debug_code
vllm,vllm#58868,open,0,0,0,
vllm,vllm#50664,closed,2,2,0,add_hardware_backend_guard;avoid_cross_feature_regressions
vllm,vllm#33762,merged,9,2,5,fix_functional_correctness_issue;test_other_hardware_architectures
vllm,vllm#33641,merged,1,0,1,
vllm,vllm#46998,merged,1,0,0,
vllm,vllm#38026,closed,1,0,0,
vllm,vllm#55652,closed,1,1,0,avoid_cross_feature_regressions
vllm,vllm#52217,merged,1,1,0,test_other_hardware_architectures
vllm,vllm#43410,merged,5,1,4,report_or_mitigate_memory_impact
vllm,vllm#45780,open,0,0,0,
vllm,vllm#56944,open,5,1,4,avoid_cross_feature_regressions
vllm,vllm#33122,merged,5,3,2,avoid_cross_feature_regressions;fix_functional_correctness_issue;test_other_hardware_architectures
vllm,vllm#27402,merged,5,2,3,avoid_cross_feature_regressions;fix_functional_correctness_issue
vllm,vllm#54651,merged,2,0,2,
vllm,vllm#31171,merged,5,0,4,
vllm,vllm#34846,merged,0,0,0,
vllm,vllm#28306,merged,5,2,3,fix_functional_correctness_issue;remove_dead_redundant_debug_code
vllm,vllm#40655,closed,8,5,3,add_hardware_backend_guard;avoid_cross_feature_regressions;fix_functional_correctness_issue;remove_dead_redundant_debug_code;report_or_mitigate_memory_impact
vllm,vllm#43670,merged,2,1,1,remove_dead_redundant_debug_code
vllm,vllm#43273,merged,12,2,6,fix_functional_correctness_issue;remove_dead_redundant_debug_code
vllm,vllm#34301,merged,1,0,1,
vllm,vllm#54899,open,5,0,2,
vllm,vllm#38888,closed,3,1,2,avoid_cross_feature_regressions
vllm,vllm#45426,closed,14,3,10,avoid_cross_feature_regressions;fix_functional_correctness_issue;test_other_hardware_architectures
vllm,vllm#35891,merged,9,1,5,avoid_cross_feature_regressions
vllm,vllm#31195,merged,13,2,10,fix_functional_correctness_issue;simplify_refactor_api_structure
vllm,vllm#55385,merged,9,3,4,add_hardware_backend_guard;avoid_cross_feature_regressions;test_other_hardware_architectures
vllm,vllm#33529,merged,11,2,8,avoid_cross_feature_regressions;simplify_refactor_api_structure
vllm,vllm#38787,closed,5,1,4,avoid_cross_feature_regressions
vllm,vllm#39533,closed,6,1,5,remove_dead_redundant_debug_code
vllm,vllm#34627,merged,10,4,3,add_hardware_backend_guard;avoid_cross_feature_regressions;fix_functional_correctness_issue;remove_dead_redundant_debug_code
vllm,vllm#42833,merged,4,2,2,avoid_cross_feature_regressions;report_or_mitigate_memory_impact
vllm,vllm#42568,open,3,1,2,fix_functional_correctness_issue
vllm,vllm#38061,merged,14,3,8,avoid_cross_feature_regressions;fix_functional_correctness_issue;remove_dead_redundant_debug_code
vllm,vllm#26145,merged,0,0,0,
vllm,vllm#37307,merged,8,2,5,avoid_cross_feature_regressions;remove_dead_redundant_debug_code
vllm,vllm#54327,open,0,0,0,
vllm,vllm#43642,closed,2,0,2,
vllm,vllm#39912,merged,19,4,11,avoid_cross_feature_regressions;fix_functional_correctness_issue;simplify_refactor_api_structure;test_other_hardware_architectures
vllm,vllm#39113,merged,3,1,2,fix_functional_correctness_issue
vllm,vllm#34432,merged,1,1,0,simplify_refactor_api_structure
vllm,vllm#55962,open,4,1,2,avoid_cross_feature_regressions
vllm,vllm#51583,merged,0,0,0,
vllm,vllm#47948,open,16,3,8,avoid_cross_feature_regressions;remove_dead_redundant_debug_code;simplify_refactor_api_structure
vllm,vllm#52506,merged,11,3,6,avoid_cross_feature_regressions;fix_functional_correctness_issue;simplify_refactor_api_structure
vllm,vllm#30783,closed,7,1,5,fix_functional_correctness_issue
vllm,vllm#51862,merged,1,0,1,
vllm,vllm#52204,merged,5,2,3,avoid_cross_feature_regressions;fix_functional_correctness_issue
vllm,vllm#33967,merged,10,2,6,simplify_refactor_api_structure;test_other_hardware_architectures
vllm,vllm#49932,merged,1,1,0,test_other_hardware_architectures
vllm,vllm#31875,closed,3,0,3,
vllm,vllm#28171,merged,2,1,1,remove_dead_redundant_debug_code
vllm,vllm#30329,merged,12,2,6,simplify_refactor_api_structure;test_other_hardware_architectures
vllm,vllm#43008,merged,6,4,1,avoid_cross_feature_regressions;fix_functional_correctness_issue;remove_dead_redundant_debug_code;test_other_hardware_architectures
vllm,vllm#58763,open,3,1,2,test_other_hardware_architectures
vllm,vllm#28164,merged,0,0,0,
vllm,vllm#25945,merged,8,2,2,fix_functional_correctness_issue;remove_dead_redundant_debug_code
vllm,vllm#30845,open,9,2,4,fix_functional_correctness_issue;remove_dead_redundant_debug_code
vllm,vllm#46188,merged,2,0,2,
vllm,vllm#56232,open,3,1,2,remove_dead_redundant_debug_code
vllm,vllm#41015,merged,1,1,0,test_other_hardware_architectures
vllm,vllm#29826,merged,4,2,0,fix_functional_correctness_issue;remove_dead_redundant_debug_code
vllm,vllm#30377,closed,2,0,0,
vllm,vllm#37936,closed,0,0,0,
vllm,vllm#55978,closed,2,0,2,
vllm,vllm#43677,merged,0,0,0,
vllm,vllm#53623,merged,7,2,4,add_hardware_backend_guard;avoid_cross_feature_regressions
vllm,vllm#34733,merged,0,0,0,
vllm,vllm#46896,open,3,2,1,avoid_cross_feature_regressions;report_or_mitigate_memory_impact
vllm,vllm#27097,closed,0,0,0,
vllm,vllm#56226,open,4,0,3,
vllm,vllm#37800,closed,5,1,2,fix_functional_correctness_issue
vllm,vllm#28597,merged,6,2,4,remove_dead_redundant_debug_code;simplify_refactor_api_structure
vllm,vllm#36899,closed,2,0,1,
vllm,vllm#49588,open,2,0,2,
vllm,vllm#43389,open,11,3,6,avoid_cross_feature_regressions;fix_functional_correctness_issue;test_other_hardware_architectures
vllm,vllm#43056,open,1,0,1,
vllm,vllm#42504,open,6,0,4,
vllm,vllm#45971,merged,2,1,1,remove_dead_redundant_debug_code
vllm,vllm#35088,merged,5,1,3,fix_functional_correctness_issue
vllm,vllm#51674,merged,7,1,4,test_other_hardware_architectures
vllm,vllm#25972,closed,2,0,2,
vllm,vllm#44700,merged,6,1,5,avoid_cross_feature_regressions
vllm,vllm#46514,merged,18,5,10,avoid_cross_feature_regressions;fix_functional_correctness_issue;remove_dead_redundant_debug_code;simplify_refactor_api_structure;test_other_hardware_architectures
vllm,vllm#39633,closed,2,2,0,add_hardware_backend_guard;test_other_hardware_architectures
vllm,vllm#38879,merged,0,0,0,
vllm,vllm#46035,closed,11,5,5,add_hardware_backend_guard;avoid_cross_feature_regressions;fix_functional_correctness_issue;remove_dead_redundant_debug_code;test_other_hardware_architectures
vllm,vllm#40733,merged,0,0,0,
vllm,vllm#27900,closed,0,0,0,
vllm,vllm#45226,closed,15,4,8,add_hardware_backend_guard;fix_functional_correctness_issue;remove_dead_redundant_debug_code;simplify_refactor_api_structure
vllm,vllm#55860,open,3,1,2,fix_functional_correctness_issue
vllm,vllm#27694,merged,0,0,0,
vllm,vllm#36596,merged,8,2,4,fix_functional_correctness_issue;remove_dead_redundant_debug_code
vllm,vllm#48498,merged,8,2,5,avoid_cross_feature_regressions;fix_functional_correctness_issue
vllm,vllm#55149,closed,0,0,0,
vllm,vllm#53283,merged,0,0,0,
vllm,vllm#27284,merged,3,1,2,test_other_hardware_architectures
vllm,vllm#48223,merged,11,2,8,avoid_cross_feature_regressions;remove_dead_redundant_debug_code
vllm,vllm#38216,closed,2,0,0,
vllm,vllm#36297,open,13,2,9,avoid_cross_feature_regressions;test_other_hardware_architectures
vllm,vllm#36681,merged,0,0,0,
vllm,vllm#57442,open,2,1,1,avoid_cross_feature_regressions
vllm,vllm#44581,open,0,0,0,
vllm,vllm#53580,merged,3,0,1,
vllm,vllm#50534,merged,4,1,3,remove_dead_redundant_debug_code
vllm,vllm#40174,closed,0,0,0,
vllm,vllm#54674,merged,4,0,1,
vllm,vllm#46643,merged,3,0,3,
vllm,vllm#52849,merged,8,1,4,fix_functional_correctness_issue
vllm,vllm#47287,merged,0,0,0,
vllm,vllm#54524,closed,1,0,0,
vllm,vllm#37813,merged,4,1,2,fix_functional_correctness_issue
vllm,vllm#39995,closed,8,2,6,avoid_cross_feature_regressions;fix_functional_correctness_issue
vllm,vllm#38445,merged,3,1,2,test_other_hardware_architectures
vllm,vllm#57102,merged,1,1,0,remove_dead_redundant_debug_code
vllm,vllm#40012,open,5,2,1,avoid_cross_feature_regressions;fix_functional_correctness_issue
vllm,vllm#28492,merged,3,1,1,remove_dead_redundant_debug_code
vllm,vllm#41824,open,4,0,3,
vllm,vllm#56067,merged,0,0,0,
vllm,vllm#41751,merged,4,0,2,
vllm,vllm#47599,closed,0,0,0,
vllm,vllm#47285,merged,0,0,0,
vllm,vllm#54965,merged,0,0,0,
vllm,vllm#49792,merged,2,1,0,add_hardware_backend_guard
vllm,vllm#32954,merged,6,3,2,add_hardware_backend_guard;remove_dead_redundant_debug_code;simplify_refactor_api_structure
vllm,vllm#48893,closed,1,0,0,
vllm,vllm#56321,open,2,0,1,
vllm,vllm#41394,merged,8,3,3,add_hardware_backend_guard;remove_dead_redundant_debug_code;simplify_refactor_api_structure
vllm,vllm#58542,open,3,0,2,
vllm,vllm#55356,merged,2,0,1,
vllm,vllm#28769,merged,1,0,1,
vllm,vllm#37789,closed,3,0,3,
vllm,vllm#58216,merged,0,0,0,
vllm,vllm#53909,open,4,0,4,
vllm,vllm#57273,merged,2,2,0,remove_dead_redundant_debug_code;simplify_refactor_api_structure
vllm,vllm#54916,open,1,0,1,
vllm,vllm#47121,merged,1,0,1,
vllm,vllm#48110,merged,1,0,1,
vllm,vllm#56874,open,3,0,3,
vllm,vllm#45033,merged,6,4,0,add_hardware_backend_guard;remove_dead_redundant_debug_code;simplify_refactor_api_structure;test_other_hardware_architectures
vllm,vllm#36083,closed,2,0,1,
vllm,vllm#50817,open,3,2,1,fix_functional_correctness_issue;remove_dead_redundant_debug_code
vllm,vllm#58226,merged,1,0,1,
vllm,vllm#51415,merged,1,1,0,simplify_refactor_api_structure
vllm,vllm#51647,merged,0,0,0,
vllm,vllm#50230,merged,1,1,0,add_hardware_backend_guard
vllm,vllm#44343,open,5,2,2,fix_functional_correctness_issue;simplify_refactor_api_structure
vllm,vllm#32846,merged,12,4,6,add_hardware_backend_guard;avoid_cross_feature_regressions;fix_functional_correctness_issue;simplify_refactor_api_structure
vllm,vllm#36062,merged,0,0,0,
vllm,vllm#46724,open,0,0,0,
vllm,vllm#32618,merged,5,2,1,remove_dead_redundant_debug_code;simplify_refactor_api_structure
vllm,vllm#29957,closed,5,2,3,remove_dead_redundant_debug_code;simplify_refactor_api_structure
vllm,vllm#33232,closed,9,2,5,remove_dead_redundant_debug_code;simplify_refactor_api_structure
vllm,vllm#49312,open,8,1,6,fix_functional_correctness_issue
vllm,vllm#47767,merged,3,0,2,
vllm,vllm#39445,merged,4,2,1,remove_dead_redundant_debug_code;simplify_refactor_api_structure
vllm,vllm#52060,open,1,1,0,test_other_hardware_architectures
vllm,vllm#56098,merged,6,1,5,test_other_hardware_architectures
vllm,vllm#37225,merged,0,0,0,
vllm,vllm#34130,merged,2,0,2,
vllm,vllm#49315,merged,2,1,0,simplify_refactor_api_structure
vllm,vllm#51885,merged,2,1,0,fix_functional_correctness_issue
vllm,vllm#52212,merged,1,1,0,test_other_hardware_architectures
vllm,vllm#28106,closed,1,0,0,
vllm,vllm#31939,merged,0,0,0,
vllm,vllm#37646,merged,8,1,5,simplify_refactor_api_structure
vllm,vllm#57428,merged,6,0,5,
vllm,vllm#38368,closed,2,0,2,
vllm,vllm#45284,closed,0,0,0,
vllm,vllm#47540,open,1,0,1,
vllm,vllm#57569,open,0,0,0,
vllm,vllm#51507,merged,2,1,1,test_other_hardware_architectures
vllm,vllm#39242,merged,8,1,3,simplify_refactor_api_structure
vllm,vllm#29222,merged,1,1,0,simplify_refactor_api_structure
vllm,vllm#37495,open,2,1,1,simplify_refactor_api_structure
vllm,vllm#47584,open,1,0,1,
vllm,vllm#43278,closed,2,0,2,
vllm,vllm#37463,merged,4,1,3,test_other_hardware_architectures
vllm,vllm#38928,merged,3,0,3,
vllm,vllm#33740,closed,1,0,1,
vllm,vllm#47807,closed,7,3,2,avoid_cross_feature_regressions;fix_functional_correctness_issue;simplify_refactor_api_structure
vllm,vllm#37973,open,3,2,1,add_hardware_backend_guard;avoid_cross_feature_regressions
vllm,vllm#28922,closed,0,0,0,
vllm,vllm#57586,merged,9,3,5,avoid_cross_feature_regressions;fix_functional_correctness_issue;remove_dead_redundant_debug_code
vllm,vllm#26337,closed,1,0,1,
vllm,vllm#40710,merged,0,0,0,
vllm,vllm#25860,closed,10,0,8,
vllm,vllm#35879,closed,8,4,3,fix_functional_correctness_issue;remove_dead_redundant_debug_code;simplify_refactor_api_structure;test_other_hardware_architectures
vllm,vllm#31832,merged,1,1,0,remove_dead_redundant_debug_code
vllm,vllm#41627,merged,9,2,4,fix_functional_correctness_issue;remove_dead_redundant_debug_code
vllm,vllm#34917,merged,3,1,2,report_or_mitigate_memory_impact
vllm,vllm#58957,merged,0,0,0,
vllm,vllm#28497,closed,5,0,4,
vllm,vllm#26056,closed,1,0,1,
vllm,vllm#28373,merged,1,1,0,remove_dead_redundant_debug_code
vllm,vllm#52046,merged,3,0,2,
vllm,vllm#29821,merged,7,2,3,remove_dead_redundant_debug_code;simplify_refactor_api_structure
vllm,vllm#35551,open,0,0,0,
vllm,vllm#35330,merged,1,1,0,report_or_mitigate_memory_impact
vllm,vllm#38665,open,7,1,6,fix_functional_correctness_issue
vllm,vllm#51221,open,1,1,0,remove_dead_redundant_debug_code
vllm,vllm#30718,closed,6,3,3,avoid_cross_feature_regressions;fix_functional_correctness_issue;simplify_refactor_api_structure
vllm,vllm#27131,merged,3,1,0,remove_dead_redundant_debug_code
vllm,vllm#27736,closed,3,1,1,remove_dead_redundant_debug_code
vllm,vllm#55917,open,6,4,2,add_hardware_backend_guard;avoid_cross_feature_regressions;remove_dead_redundant_debug_code;simplify_refactor_api_structure
vllm,vllm#30531,merged,8,3,3,add_hardware_backend_guard;remove_dead_redundant_debug_code;test_other_hardware_architectures
vllm,vllm#43306,closed,11,2,6,add_hardware_backend_guard;avoid_cross_feature_regressions
vllm,vllm#53526,closed,0,0,0,
vllm,vllm#47427,merged,2,1,1,simplify_refactor_api_structure
vllm,vllm#52684,open,0,0,0,
vllm,vllm#52970,open,0,0,0,
vllm,vllm#58495,open,0,0,0,
sglang,sglang#35872,merged,0,0,0,
sglang,sglang#17945,open,5,0,1,
sglang,sglang#17205,merged,2,0,1,
sglang,sglang#18195,merged,0,0,0,
sglang,sglang#12066,merged,2,1,0,fix_functional_correctness_issue
sglang,sglang#25054,merged,6,0,2,
sglang,sglang#12692,merged,1,0,0,
sglang,sglang#31305,open,0,0,0,
sglang,sglang#23011,closed,4,0,1,
sglang,sglang#37323,open,3,0,1,
sglang,sglang#24947,merged,6,0,3,
sglang,sglang#33881,open,6,1,1,fix_functional_correctness_issue
sglang,sglang#33226,open,5,0,3,
sglang,sglang#33216,closed,2,0,0,
sglang,sglang#28994,open,6,1,4,fix_functional_correctness_issue
sglang,sglang#39438,merged,5,0,1,
sglang,sglang#33354,merged,9,1,2,fix_functional_correctness_issue
sglang,sglang#29077,merged,2,1,0,fix_functional_correctness_issue
sglang,sglang#29315,closed,3,0,1,
sglang,sglang#11611,merged,1,0,0,
sglang,sglang#29421,merged,8,0,3,
sglang,sglang#26318,merged,5,1,0,fix_functional_correctness_issue
sglang,sglang#18161,merged,3,0,0,
sglang,sglang#37766,open,4,0,2,
sglang,sglang#25835,merged,4,1,1,fix_functional_correctness_issue
sglang,sglang#38476,closed,4,1,1,fix_functional_correctness_issue
sglang,sglang#13798,merged,4,0,3,
sglang,sglang#19419,merged,2,1,1,fix_functional_correctness_issue
sglang,sglang#25251,merged,1,0,0,
sglang,sglang#21314,merged,6,1,3,fix_functional_correctness_issue
sglang,sglang#24355,merged,1,0,0,
sglang,sglang#38905,open,1,0,0,
sglang,sglang#12094,merged,3,0,2,
sglang,sglang#41294,open,2,0,0,
sglang,sglang#34200,open,0,0,0,
sglang,sglang#32133,open,6,1,2,fix_functional_correctness_issue
sglang,sglang#36397,merged,0,0,0,
sglang,sglang#25855,merged,7,0,3,
sglang,sglang#26188,merged,1,1,0,fix_functional_correctness_issue
sglang,sglang#35628,merged,0,0,0,
sglang,sglang#15835,merged,3,0,1,
sglang,sglang#26083,merged,5,0,1,
sglang,sglang#34517,merged,3,0,0,
sglang,sglang#39688,merged,6,1,2,fix_functional_correctness_issue
sglang,sglang#22209,closed,0,0,0,
sglang,sglang#30967,open,6,0,1,
sglang,sglang#32941,merged,2,0,0,
sglang,sglang#37104,closed,1,0,0,
sglang,sglang#17747,merged,1,0,0,
sglang,sglang#26568,closed,1,0,0,
sglang,sglang#39130,open,3,1,1,fix_functional_correctness_issue
sglang,sglang#20736,merged,6,1,2,fix_functional_correctness_issue
sglang,sglang#26397,merged,2,1,0,fix_functional_correctness_issue
sglang,sglang#20429,closed,0,0,0,
sglang,sglang#27658,open,6,0,2,
sglang,sglang#11816,merged,4,0,1,
sglang,sglang#35187,open,2,1,0,fix_functional_correctness_issue
sglang,sglang#11432,merged,3,0,0,
sglang,sglang#27089,merged,3,0,0,
sglang,sglang#12307,merged,2,0,1,
sglang,sglang#38266,open,3,0,0,
sglang,sglang#14572,merged,4,0,2,
sglang,sglang#36318,open,3,1,0,fix_functional_correctness_issue
sglang,sglang#34018,open,2,0,0,
sglang,sglang#30497,open,3,0,0,
sglang,sglang#29735,merged,4,1,0,fix_functional_correctness_issue
sglang,sglang#39296,open,0,0,0,
sglang,sglang#33981,merged,0,0,0,
sglang,sglang#15755,open,4,0,1,
sglang,sglang#32162,merged,1,0,0,
sglang,sglang#31083,merged,0,0,0,
sglang,sglang#22672,merged,0,0,0,
sglang,sglang#33871,merged,5,1,2,fix_functional_correctness_issue
sglang,sglang#34888,merged,2,0,0,
sglang,sglang#25976,merged,4,1,1,fix_functional_correctness_issue
sglang,sglang#19111,closed,0,0,0,
sglang,sglang#24710,merged,0,0,0,
sglang,sglang#33128,merged,1,0,0,
sglang,sglang#36576,merged,2,1,0,fix_functional_correctness_issue
sglang,sglang#16273,merged,4,0,0,
sglang,sglang#39025,open,0,0,0,
sglang,sglang#22587,merged,9,1,3,fix_functional_correctness_issue
sglang,sglang#15812,merged,1,0,0,
sglang,sglang#11874,merged,1,0,1,
sglang,sglang#24909,closed,1,0,0,
sglang,sglang#27818,closed,0,0,0,
sglang,sglang#20115,closed,0,0,0,
sglang,sglang#31852,closed,2,1,0,fix_functional_correctness_issue
sglang,sglang#32166,merged,7,0,3,
sglang,sglang#40189,closed,2,0,0,
sglang,sglang#17688,merged,2,0,1,
sglang,sglang#30715,open,2,0,0,
sglang,sglang#14717,merged,10,1,1,fix_functional_correctness_issue
sglang,sglang#17337,closed,1,0,0,
sglang,sglang#15623,closed,7,1,2,fix_functional_correctness_issue
sglang,sglang#30954,merged,3,0,2,
sglang,sglang#31128,merged,0,0,0,
sglang,sglang#36758,merged,2,0,1,
sglang,sglang#20772,open,0,0,0,
sglang,sglang#33237,merged,6,1,0,fix_functional_correctness_issue
sglang,sglang#20479,merged,12,1,4,fix_functional_correctness_issue
sglang,sglang#20445,closed,1,0,0,
sglang,sglang#15315,closed,1,0,0,
sglang,sglang#14505,merged,0,0,0,
sglang,sglang#28106,merged,5,0,0,
sglang,sglang#25002,merged,2,0,0,
sglang,sglang#23765,merged,0,0,0,
sglang,sglang#32109,merged,1,0,1,
sglang,sglang#20943,closed,3,0,1,
sglang,sglang#24041,closed,1,0,1,
sglang,sglang#31479,merged,0,0,0,
sglang,sglang#18497,closed,11,1,2,fix_functional_correctness_issue
sglang,sglang#36094,merged,1,0,0,
sglang,sglang#15888,merged,3,1,0,fix_functional_correctness_issue
sglang,sglang#31382,merged,2,0,0,
sglang,sglang#30247,merged,4,1,1,fix_functional_correctness_issue
sglang,sglang#13778,closed,1,0,0,
sglang,sglang#15305,closed,1,0,0,
sglang,sglang#27705,merged,10,1,2,fix_functional_correctness_issue
sglang,sglang#18082,closed,11,1,4,fix_functional_correctness_issue
sglang,sglang#24471,closed,1,0,0,
sglang,sglang#18253,merged,4,0,1,
sglang,sglang#18073,merged,2,0,1,
sglang,sglang#20187,merged,0,0,0,
sglang,sglang#23135,closed,4,1,1,fix_functional_correctness_issue
sglang,sglang#39382,merged,1,1,0,fix_functional_correctness_issue
sglang,sglang#14952,closed,2,0,1,
sglang,sglang#26703,closed,5,0,1,
sglang,sglang#18992,merged,11,0,1,
sglang,sglang#16517,closed,2,0,0,
sglang,sglang#16112,closed,3,0,1,
sglang,sglang#16043,merged,7,0,3,
sglang,sglang#17228,merged,0,0,0,
sglang,sglang#15712,merged,3,0,0,
sglang,sglang#15009,merged,0,0,0,
sglang,sglang#25265,merged,0,0,0,
sglang,sglang#28450,merged,3,0,1,
sglang,sglang#40116,merged,3,0,0,
sglang,sglang#38272,open,6,0,4,
sglang,sglang#15729,closed,6,0,3,
sglang,sglang#21889,closed,5,1,0,fix_functional_correctness_issue
sglang,sglang#18389,merged,10,0,1,
sglang,sglang#36546,merged,4,0,2,
sglang,sglang#11150,closed,12,1,3,fix_functional_correctness_issue
sglang,sglang#36534,merged,6,0,1,
sglang,sglang#39187,closed,0,0,0,
sglang,sglang#40494,merged,1,0,0,
sglang,sglang#21503,merged,2,0,0,
sglang,sglang#20012,merged,1,1,0,fix_functional_correctness_issue
sglang,sglang#30315,merged,2,1,0,fix_functional_correctness_issue
sglang,sglang#25470,closed,0,0,0,
sglang,sglang#25189,merged,1,0,1,
sglang,sglang#20781,closed,2,0,0,
sglang,sglang#27053,merged,10,0,3,
sglang,sglang#17883,merged,8,0,2,
sglang,sglang#31322,closed,3,1,1,fix_functional_correctness_issue
sglang,sglang#22488,closed,14,1,5,fix_functional_correctness_issue
sglang,sglang#11482,merged,0,0,0,
sglang,sglang#21617,closed,4,0,0,
sglang,sglang#24133,merged,2,0,0,
sglang,sglang#25460,merged,3,0,2,
sglang,sglang#34727,open,3,1,0,fix_functional_correctness_issue
sglang,sglang#15640,merged,0,0,0,
sglang,sglang#32813,merged,1,0,0,
sglang,sglang#19066,closed,4,0,0,
sglang,sglang#19493,merged,1,1,0,fix_functional_correctness_issue
sglang,sglang#23830,closed,1,0,0,
sglang,sglang#16210,closed,1,0,0,
sglang,sglang#29350,merged,1,1,0,fix_functional_correctness_issue
sglang,sglang#24897,merged,2,0,1,
sglang,sglang#29826,closed,4,0,1,
sglang,sglang#19260,closed,6,0,1,
sglang,sglang#39873,open,1,0,0,
sglang,sglang#18525,closed,1,0,0,
sglang,sglang#28723,merged,2,0,1,
sglang,sglang#18167,closed,5,0,2,
sglang,sglang#11400,closed,6,0,4,
sglang,sglang#41340,open,11,1,3,fix_functional_correctness_issue
sglang,sglang#34805,open,6,1,1,fix_functional_correctness_issue
sglang,sglang#30448,merged,8,1,2,fix_functional_correctness_issue
sglang,sglang#22416,merged,9,1,2,fix_functional_correctness_issue
sglang,sglang#27988,merged,3,0,1,
sglang,sglang#31172,open,1,0,0,
sglang,sglang#22669,merged,11,0,3,
sglang,sglang#24541,closed,4,0,2,
sglang,sglang#22048,closed,6,0,3,
sglang,sglang#20796,merged,11,1,3,fix_functional_correctness_issue
sglang,sglang#39059,merged,11,1,3,fix_functional_correctness_issue
sglang,sglang#29202,merged,5,0,3,
sglang,sglang#12199,merged,0,0,0,
sglang,sglang#20477,merged,1,0,0,
sglang,sglang#29723,open,11,1,3,fix_functional_correctness_issue
sglang,sglang#25924,open,1,0,0,
sglang,sglang#24550,merged,3,0,1,
sglang,sglang#33911,merged,6,1,2,fix_functional_correctness_issue
sglang,sglang#20897,merged,1,0,1,
sglang,sglang#20074,closed,4,1,2,fix_functional_correctness_issue
sglang,sglang#34938,merged,3,0,1,
sglang,sglang#40782,open,2,0,2,
sglang,sglang#31856,merged,1,0,0,
sglang,sglang#33673,open,2,0,0,
sglang,sglang#35192,open,4,0,2,
sglang,sglang#20319,merged,4,0,1,
sglang,sglang#14906,merged,1,1,0,fix_functional_correctness_issue
sglang,sglang#24816,merged,9,0,2,
sglang,sglang#19103,merged,11,1,2,fix_functional_correctness_issue
sglang,sglang#38340,merged,9,0,3,
sglang,sglang#18156,open,8,0,3,
sglang,sglang#25461,open,8,0,4,
sglang,sglang#34722,merged,2,0,0,
sglang,sglang#15141,merged,6,1,1,fix_functional_correctness_issue
sglang,sglang#13049,merged,3,0,1,
sglang,sglang#27277,merged,8,0,2,
sglang,sglang#37261,open,7,1,4,fix_functional_correctness_issue
sglang,sglang#14422,merged,8,0,3,
sglang,sglang#32975,closed,2,0,1,
sglang,sglang#14956,merged,2,0,1,
sglang,sglang#33623,merged,0,0,0,
sglang,sglang#22542,closed,11,1,5,fix_functional_correctness_issue
sglang,sglang#19945,merged,2,0,2,
sglang,sglang#20501,merged,12,1,4,fix_functional_correctness_issue
sglang,sglang#21232,merged,2,0,1,
sglang,sglang#22734,merged,9,1,4,fix_functional_correctness_issue
sglang,sglang#28876,open,1,0,0,
sglang,sglang#13592,merged,5,1,1,fix_functional_correctness_issue
sglang,sglang#34317,open,10,0,4,
sglang,sglang#28274,closed,2,0,1,
sglang,sglang#13087,merged,2,0,0,
sglang,sglang#11563,merged,3,0,2,
sglang,sglang#15347,merged,15,0,4,
sglang,sglang#15546,closed,1,0,0,
sglang,sglang#17756,merged,6,1,2,fix_functional_correctness_issue
sglang,sglang#13025,closed,9,1,3,fix_functional_correctness_issue
sglang,sglang#15464,merged,1,0,0,
sglang,sglang#33775,merged,2,1,0,fix_functional_correctness_issue
sglang,sglang#35071,merged,0,0,0,
sglang,sglang#32624,closed,5,1,3,fix_functional_correctness_issue
sglang,sglang#32886,merged,0,0,0,
sglang,sglang#34583,open,2,0,0,
sglang,sglang#28451,merged,9,0,4,
sglang,sglang#41339,merged,15,1,6,fix_functional_correctness_issue
sglang,sglang#14289,closed,4,0,1,
sglang,sglang#41020,merged,7,0,1,
sglang,sglang#39486,merged,0,0,0,
sglang,sglang#16758,merged,9,1,3,fix_functional_correctness_issue
sglang,sglang#19434,merged,3,0,2,
sglang,sglang#17112,closed,1,0,0,
sglang,sglang#23038,merged,11,0,6,
sglang,sglang#15040,merged,5,0,2,
sglang,sglang#40854,merged,2,0,1,
sglang,sglang#33957,closed,6,0,2,
sglang,sglang#20549,closed,0,0,0,
sglang,sglang#30575,merged,16,1,6,fix_functional_correctness_issue
sglang,sglang#22805,closed,0,0,0,
sglang,sglang#25751,merged,10,0,5,
sglang,sglang#28666,merged,2,0,0,
sglang,sglang#20673,merged,10,1,5,fix_functional_correctness_issue
sglang,sglang#16720,merged,0,0,0,
sglang,sglang#33209,closed,0,0,0,
sglang,sglang#34296,merged,0,0,0,
sglang,sglang#34973,merged,10,1,3,fix_functional_correctness_issue
sglang,sglang#22392,closed,8,0,2,
sglang,sglang#31241,merged,1,0,0,
sglang,sglang#39775,merged,2,0,1,
sglang,sglang#27630,merged,6,0,1,
sglang,sglang#34421,merged,1,0,0,
sglang,sglang#29027,merged,3,0,2,
sglang,sglang#21951,closed,2,0,1,
sglang,sglang#30797,open,12,1,5,fix_functional_correctness_issue
sglang,sglang#15559,closed,4,1,2,fix_functional_correctness_issue
sglang,sglang#13596,merged,6,0,3,
sglang,sglang#24048,merged,2,0,0,
sglang,sglang#25860,merged,1,0,1,
sglang,sglang#17812,merged,5,1,1,fix_functional_correctness_issue
sglang,sglang#41561,open,2,0,0,
sglang,sglang#21020,merged,1,1,0,fix_functional_correctness_issue
sglang,sglang#39350,closed,5,0,2,
sglang,sglang#21962,closed,3,0,1,
sglang,sglang#12239,merged,3,1,0,fix_functional_correctness_issue
sglang,sglang#16299,merged,1,0,0,
sglang,sglang#22791,merged,2,0,0,
sglang,sglang#35807,open,19,1,6,fix_functional_correctness_issue
sglang,sglang#37810,merged,0,0,0,
sglang,sglang#39546,open,6,0,3,
sglang,sglang#26208,merged,0,0,0,
sglang,sglang#38583,open,2,0,0,
sglang,sglang#25773,merged,0,0,0,
sglang,sglang#34355,open,19,1,7,fix_functional_correctness_issue
sglang,sglang#29053,merged,4,0,1,
sglang,sglang#32304,merged,5,1,2,fix_functional_correctness_issue
sglang,sglang#25841,closed,1,0,0,
sglang,sglang#12491,merged,3,0,1,
sglang,sglang#35505,merged,4,0,2,
sglang,sglang#35573,merged,0,0,0,
sglang,sglang#24672,closed,2,0,1,
sglang,sglang#23515,open,10,1,3,fix_functional_correctness_issue
sglang,sglang#13731,merged,3,0,2,
sglang,sglang#19711,merged,0,0,0,
sglang,sglang#17531,closed,1,0,1,
sglang,sglang#29164,closed,2,0,0,
sglang,sglang#18764,merged,9,0,5,
sglang,sglang#29401,closed,3,0,1,
sglang,sglang#22410,closed,2,0,0,
sglang,sglang#28166,merged,1,0,0,
sglang,sglang#36652,open,6,1,2,fix_functional_correctness_issue
sglang,sglang#22921,merged,14,0,5,
sglang,sglang#36990,open,11,1,4,fix_functional_correctness_issue
sglang,sglang#16135,closed,0,0,0,
sglang,sglang#12768,closed,0,0,0,
sglang,sglang#36505,merged,7,1,2,fix_functional_correctness_issue
sglang,sglang#11917,merged,12,0,6,
sglang,sglang#31755,merged,0,0,0,
sglang,sglang#28655,open,11,1,4,fix_functional_correctness_issue
sglang,sglang#36624,merged,6,1,3,fix_functional_correctness_issue
sglang,sglang#21019,merged,10,1,4,fix_functional_correctness_issue
sglang,sglang#19788,closed,9,1,2,fix_functional_correctness_issue
sglang,sglang#20410,merged,0,0,0,
sglang,sglang#12435,merged,0,0,0,
sglang,sglang#29843,merged,5,0,3,
sglang,sglang#29390,merged,1,0,1,
sglang,sglang#31574,merged,8,1,2,fix_functional_correctness_issue
sglang,sglang#15872,closed,0,0,0,
sglang,sglang#28354,merged,9,1,1,fix_functional_correctness_issue
sglang,sglang#28185,merged,9,0,3,
sglang,sglang#20395,merged,2,0,1,
sglang,sglang#39172,merged,0,0,0,
sglang,sglang#26602,open,0,0,0,
sglang,sglang#15208,closed,1,0,0,
sglang,sglang#39778,merged,1,0,0,
sglang,sglang#21403,merged,3,0,1,
sglang,sglang#39657,merged,1,1,0,fix_functional_correctness_issue
sglang,sglang#28892,closed,2,0,1,
sglang,sglang#20582,closed,0,0,0,
sglang,sglang#29692,merged,1,0,0,
sglang,sglang#13546,closed,0,0,0,
sglang,sglang#26200,merged,1,0,0,
sglang,sglang#31329,closed,1,0,0,
sglang,sglang#26027,closed,1,0,0,
sglang,sglang#35074,open,0,0,0,
sglang,sglang#27979,closed,2,0,1,
sglang,sglang#31447,open,0,0,0,
sglang,sglang#34318,merged,1,0,0,
sglang,sglang#37667,merged,5,1,2,fix_functional_correctness_issue
sglang,sglang#22258,merged,1,0,0,
sglang,sglang#17773,closed,6,1,0,fix_functional_correctness_issue
sglang,sglang#25220,merged,6,0,2,
sglang,sglang#12787,merged,11,1,6,fix_functional_correctness_issue
sglang,sglang#18088,merged,1,0,0,
sglang,sglang#23935,open,1,0,1,
sglang,sglang#33971,closed,9,1,3,fix_functional_correctness_issue
sglang,sglang#19320,merged,7,1,2,fix_functional_correctness_issue
sglang,sglang#11484,closed,0,0,0,
sglang,sglang#21339,merged,2,0,0,
sglang,sglang#34682,open,2,0,0,
sglang,sglang#19990,open,5,0,1,
sglang,sglang#32577,merged,4,1,1,fix_functional_correctness_issue
sglang,sglang#21056,closed,4,0,1,
sglang,sglang#33364,open,1,0,0,
sglang,sglang#29970,open,0,0,0,
sglang,sglang#13873,merged,3,0,1,
sglang,sglang#25953,merged,3,0,0,
sglang,sglang#19958,closed,2,1,1,fix_functional_correctness_issue
sglang,sglang#39041,closed,0,0,0,
sglang,sglang#26424,merged,2,0,0,
sglang,sglang#33113,open,2,0,0,
sglang,sglang#28975,merged,0,0,0,
sglang,sglang#11637,merged,2,0,1,
sglang,sglang#38182,merged,3,1,0,fix_functional_correctness_issue
sglang,sglang#27926,merged,5,0,3,
sglang,sglang#29804,open,6,0,0,
sglang,sglang#39957,merged,2,1,0,fix_functional_correctness_issue
sglang,sglang#11730,merged,3,0,1,
sglang,sglang#33302,closed,1,0,0,
sglang,sglang#12921,merged,7,0,2,
sglang,sglang#26626,merged,0,0,0,
sglang,sglang#40371,merged,1,0,1,
sglang,sglang#23146,merged,5,1,2,fix_functional_correctness_issue
sglang,sglang#26209,merged,9,0,3,
sglang,sglang#38080,merged,5,1,1,fix_functional_correctness_issue
sglang,sglang#19290,merged,10,0,5,
sglang,sglang#39248,closed,0,0,0,
sglang,sglang#16483,merged,1,0,1,
sglang,sglang#25820,merged,10,1,3,fix_functional_correctness_issue
sglang,sglang#25532,merged,12,1,3,fix_functional_correctness_issue
sglang,sglang#28056,merged,0,0,0,
sglang,sglang#32395,merged,2,0,1,
sglang,sglang#22520,open,4,0,3,
sglang,sglang#27177,closed,3,1,0,fix_functional_correctness_issue
sglang,sglang#24651,merged,2,0,1,
sglang,sglang#16637,merged,4,0,2,
sglang,sglang#13466,merged,2,0,1,
sglang,sglang#29513,closed,0,0,0,
sglang,sglang#12892,open,6,0,5,
sglang,sglang#18361,merged,3,0,0,
sglang,sglang#14736,merged,2,1,1,fix_functional_correctness_issue
sglang,sglang#17449,merged,0,0,0,
sglang,sglang#14644,merged,1,0,0,
sglang,sglang#14302,open,8,0,0,
sglang,sglang#34693,merged,2,0,0,
sglang,sglang#21476,closed,0,0,0,
sglang,sglang#26274,open,5,0,0,
sglang,sglang#34462,merged,0,0,0,
sglang,sglang#37889,merged,3,0,1,
sglang,sglang#32219,merged,3,1,1,fix_functional_correctness_issue
sglang,sglang#29734,merged,3,0,2,
sglang,sglang#27096,merged,1,0,0,
sglang,sglang#36821,merged,5,0,3,
sglang,sglang#15103,closed,3,0,2,
sglang,sglang#12660,merged,1,0,0,
sglang,sglang#27928,merged,2,0,1,
sglang,sglang#34905,open,1,0,1,
sglang,sglang#19248,merged,11,0,2,
sglang,sglang#17654,merged,0,0,0,
