repo,measure,n,denominator,share,definition,note
vllm,performance_language,2698,3214,0.839,"Literal performance, benchmark, speed, latency, throughput, or related metric language","Titles and body text; Markdown headings removed to avoid template-only matches"
vllm,testing_language,1955,3214,0.608,"Literal test, CI, pytest, unit-test, allclose, or coverage language","Titles and body text; Markdown headings removed to avoid template-only matches"
vllm,correctness_language,1380,3214,0.429,"Literal correctness, accuracy, numerical, equivalence, precision, tolerance, race, overflow, NaN, memory-safety, or determinism language","Titles and body text; lexical mention, not evidence quality"
vllm,correctness_without_testing_language,294,3214,0.091,"Correctness-language match without a testing-language match","Narrow lexical proxy for correctness discussion beyond test language"
vllm,explicit_forward_or_backward_compatibility,35,3214,0.011,"Explicit forward, backward, backwards, future-proof, or future-compatibility language","Narrow high-precision phrase match"
vllm,explicit_maintainability,13,3214,0.004,"Explicit maintainability, maintainable, maintenance, or technical-debt language","Narrow high-precision phrase match"
vllm,explicit_maintenance_or_compatibility,48,3214,0.015,"Union of explicit maintainability and explicit forward/backward compatibility","Narrow high-precision phrase match"
sglang,performance_language,2548,3094,0.824,"Literal performance, benchmark, speed, latency, throughput, or related metric language","Titles and body text; Markdown headings removed to avoid template-only matches"
sglang,testing_language,1722,3094,0.557,"Literal test, CI, pytest, unit-test, allclose, or coverage language","Titles and body text; Markdown headings removed to avoid template-only matches"
sglang,correctness_language,1570,3094,0.507,"Literal correctness, accuracy, numerical, equivalence, precision, tolerance, race, overflow, NaN, memory-safety, or determinism language","Titles and body text; lexical mention, not evidence quality"
sglang,correctness_without_testing_language,502,3094,0.162,"Correctness-language match without a testing-language match","Narrow lexical proxy for correctness discussion beyond test language"
sglang,explicit_forward_or_backward_compatibility,26,3094,0.008,"Explicit forward, backward, backwards, future-proof, or future-compatibility language","Narrow high-precision phrase match"
sglang,explicit_maintainability,9,3094,0.003,"Explicit maintainability, maintainable, maintenance, or technical-debt language","Narrow high-precision phrase match"
sglang,explicit_maintenance_or_compatibility,35,3094,0.011,"Union of explicit maintainability and explicit forward/backward compatibility","Narrow high-precision phrase match"
both,performance_language,5246,6308,0.832,"Literal performance, benchmark, speed, latency, throughput, or related metric language","Titles and body text; Markdown headings removed to avoid template-only matches"
both,testing_language,3677,6308,0.583,"Literal test, CI, pytest, unit-test, allclose, or coverage language","Titles and body text; Markdown headings removed to avoid template-only matches"
both,correctness_language,2950,6308,0.468,"Literal correctness, accuracy, numerical, equivalence, precision, tolerance, race, overflow, NaN, memory-safety, or determinism language","Titles and body text; lexical mention, not evidence quality"
both,correctness_without_testing_language,796,6308,0.126,"Correctness-language match without a testing-language match","Narrow lexical proxy for correctness discussion beyond test language"
both,explicit_forward_or_backward_compatibility,61,6308,0.010,"Explicit forward, backward, backwards, future-proof, or future-compatibility language","Narrow high-precision phrase match"
both,explicit_maintainability,22,6308,0.003,"Explicit maintainability, maintainable, maintenance, or technical-debt language","Narrow high-precision phrase match"
both,explicit_maintenance_or_compatibility,83,6308,0.013,"Union of explicit maintainability and explicit forward/backward compatibility","Narrow high-precision phrase match"
