repo,measure,category,n,denominator,share,ci95_low,ci95_high,note
vllm,candidates,all,203,203,1.0,,,
vllm,confirmed_reverts_or_rollbacks,all,191,203,0.9409,,,
vllm,reverted_class,other,124,191,0.6492,0.5812,0.7173,
vllm,reverted_class,kernel_performance,36,191,0.1885,0.1361,0.2461,
vllm,reverted_class,hardware_backend,22,191,0.1152,0.0733,0.1623,
vllm,reverted_class,kernel_correctness,9,191,0.0471,0.0209,0.0785,
vllm,revert_reason,ci_or_test_failure,33,191,0.1728,0.1204,0.2251,
vllm,revert_reason,unstated,33,191,0.1728,0.1204,0.2253,
vllm,revert_reason,other,22,191,0.1152,0.0733,0.1623,
vllm,revert_reason,build_or_dependency,21,191,0.1099,0.0681,0.1518,
vllm,revert_reason,correctness_or_accuracy,21,191,0.1099,0.0681,0.1571,
vllm,revert_reason,crash_or_hang,19,191,0.0995,0.0576,0.1414,
vllm,revert_reason,premature_or_process,13,191,0.0681,0.0366,0.1047,
vllm,revert_reason,api_or_compat_break,11,191,0.0576,0.0262,0.089,
vllm,revert_reason,hardware_specific_breakage,10,191,0.0524,0.0209,0.0838,
vllm,revert_reason,performance_regression,8,191,0.0419,0.0157,0.0681,
vllm,revert_status,confirmed_revert,147,191,0.7696,0.7068,0.8272,
vllm,revert_status,partial_revert,27,191,0.1414,0.0942,0.1937,
vllm,revert_status,explicit_rollback,17,191,0.089,0.0524,0.1309,
vllm,hardware_specific,no,96,191,0.5026,0.4346,0.5759,
vllm,hardware_specific,yes,53,191,0.2775,0.2199,0.3455,
vllm,hardware_specific,unknown,42,191,0.2199,0.1675,0.2827,
vllm,reverted_touches_kernel,no,132,191,0.6911,0.6178,0.7592,
vllm,reverted_touches_kernel,yes,59,191,0.3089,0.2461,0.3717,
vllm,median_days_to_revert,kernel_performance,35,35,1.129,0.518,3.143,ci columns hold IQR for this measure
vllm,median_days_to_revert,kernel_correctness,8,8,19.707,5.222,24.562,ci columns hold IQR for this measure
vllm,median_days_to_revert,hardware_backend,16,16,0.986,0.539,7.974,ci columns hold IQR for this measure
vllm,median_days_to_revert,other,111,111,0.934,0.335,4.358,ci columns hold IQR for this measure
vllm,median_days_to_revert,all,170,170,1.085,0.337,4.895,ci columns hold IQR for this measure
vllm,kernel_performance_revert_reason,correctness_or_accuracy,10,36,0.2778,,,
vllm,kernel_performance_revert_reason,crash_or_hang,6,36,0.1667,,,
vllm,kernel_performance_revert_reason,hardware_specific_breakage,5,36,0.1389,,,
vllm,kernel_performance_revert_reason,unstated,5,36,0.1389,,,
vllm,kernel_performance_revert_reason,build_or_dependency,3,36,0.0833,,,
vllm,kernel_performance_revert_reason,premature_or_process,3,36,0.0833,,,
vllm,kernel_performance_revert_reason,other,2,36,0.0556,,,
vllm,kernel_performance_revert_reason,ci_or_test_failure,2,36,0.0556,,,
sglang,candidates,all,313,313,1.0,,,
sglang,confirmed_reverts_or_rollbacks,all,276,313,0.8818,,,
sglang,reverted_class,other,149,276,0.5399,0.4819,0.5978,
sglang,reverted_class,kernel_performance,66,276,0.2391,0.192,0.2899,
sglang,reverted_class,hardware_backend,39,276,0.1413,0.1014,0.1848,
sglang,reverted_class,kernel_correctness,22,276,0.0797,0.0507,0.1123,
sglang,revert_reason,unstated,86,276,0.3116,0.2572,0.3659,
sglang,revert_reason,ci_or_test_failure,68,276,0.2464,0.1992,0.3007,
sglang,revert_reason,other,25,276,0.0906,0.058,0.1232,
sglang,revert_reason,correctness_or_accuracy,20,276,0.0725,0.0435,0.1051,
sglang,revert_reason,crash_or_hang,19,276,0.0688,0.0399,0.1014,
sglang,revert_reason,build_or_dependency,14,276,0.0507,0.0254,0.0761,
sglang,revert_reason,premature_or_process,13,276,0.0471,0.0254,0.0725,
sglang,revert_reason,hardware_specific_breakage,12,276,0.0435,0.0217,0.0688,
sglang,revert_reason,performance_regression,11,276,0.0399,0.0181,0.0652,
sglang,revert_reason,api_or_compat_break,8,276,0.029,0.0109,0.0507,
sglang,revert_status,confirmed_revert,245,276,0.8877,0.8514,0.9239,
sglang,revert_status,explicit_rollback,17,276,0.0616,0.0362,0.0906,
sglang,revert_status,partial_revert,14,276,0.0507,0.0254,0.0761,
sglang,hardware_specific,no,110,276,0.3986,0.3406,0.4565,
sglang,hardware_specific,unknown,109,276,0.3949,0.3406,0.453,
sglang,hardware_specific,yes,57,276,0.2065,0.1594,0.2537,
sglang,reverted_touches_kernel,no,194,276,0.7029,0.6486,0.7536,
sglang,reverted_touches_kernel,yes,79,276,0.2862,0.2319,0.3406,
sglang,reverted_touches_kernel,unknown,3,276,0.0109,0.0,0.0254,
sglang,median_days_to_revert,kernel_performance,57,57,0.845,0.227,1.94,ci columns hold IQR for this measure
sglang,median_days_to_revert,kernel_correctness,22,22,0.665,0.3,2.664,ci columns hold IQR for this measure
sglang,median_days_to_revert,hardware_backend,36,36,0.588,0.215,1.446,ci columns hold IQR for this measure
sglang,median_days_to_revert,other,135,135,0.401,0.076,1.387,ci columns hold IQR for this measure
sglang,median_days_to_revert,all,250,250,0.497,0.148,1.554,ci columns hold IQR for this measure
sglang,kernel_performance_revert_reason,unstated,19,66,0.2879,,,
sglang,kernel_performance_revert_reason,ci_or_test_failure,12,66,0.1818,,,
sglang,kernel_performance_revert_reason,correctness_or_accuracy,10,66,0.1515,,,
sglang,kernel_performance_revert_reason,hardware_specific_breakage,8,66,0.1212,,,
sglang,kernel_performance_revert_reason,performance_regression,5,66,0.0758,,,
sglang,kernel_performance_revert_reason,other,5,66,0.0758,,,
sglang,kernel_performance_revert_reason,crash_or_hang,3,66,0.0455,,,
sglang,kernel_performance_revert_reason,build_or_dependency,2,66,0.0303,,,
sglang,kernel_performance_revert_reason,premature_or_process,1,66,0.0152,,,
sglang,kernel_performance_revert_reason,api_or_compat_break,1,66,0.0152,,,
both,candidates,all,516,516,1.0,,,
both,confirmed_reverts_or_rollbacks,all,467,516,0.905,,,
both,reverted_class,other,273,467,0.5846,0.5418,0.6296,
both,reverted_class,kernel_performance,102,467,0.2184,0.182,0.257,
both,reverted_class,hardware_backend,61,467,0.1306,0.1006,0.1606,
both,reverted_class,kernel_correctness,31,467,0.0664,0.0428,0.0899,
both,revert_reason,unstated,119,467,0.2548,0.2163,0.2934,
both,revert_reason,ci_or_test_failure,101,467,0.2163,0.182,0.2548,
both,revert_reason,other,47,467,0.1006,0.0728,0.1285,
both,revert_reason,correctness_or_accuracy,41,467,0.0878,0.0642,0.1135,
both,revert_reason,crash_or_hang,38,467,0.0814,0.0578,0.1071,
both,revert_reason,build_or_dependency,35,467,0.0749,0.0514,0.1006,
both,revert_reason,premature_or_process,26,467,0.0557,0.0364,0.0771,
both,revert_reason,hardware_specific_breakage,22,467,0.0471,0.0278,0.0664,
both,revert_reason,api_or_compat_break,19,467,0.0407,0.0236,0.06,
both,revert_reason,performance_regression,19,467,0.0407,0.0236,0.06,
both,revert_status,confirmed_revert,392,467,0.8394,0.8051,0.8715,
both,revert_status,partial_revert,41,467,0.0878,0.0621,0.1135,
both,revert_status,explicit_rollback,34,467,0.0728,0.0493,0.0985,
both,hardware_specific,no,206,467,0.4411,0.3982,0.4861,
both,hardware_specific,unknown,151,467,0.3233,0.2827,0.364,
both,hardware_specific,yes,110,467,0.2355,0.1991,0.272,
both,reverted_touches_kernel,no,326,467,0.6981,0.6552,0.7388,
both,reverted_touches_kernel,yes,138,467,0.2955,0.2548,0.3362,
both,reverted_touches_kernel,unknown,3,467,0.0064,0.0,0.015,
both,median_days_to_revert,kernel_performance,92,92,0.916,0.316,2.02,ci columns hold IQR for this measure
both,median_days_to_revert,kernel_correctness,30,30,1.7,0.383,4.583,ci columns hold IQR for this measure
both,median_days_to_revert,hardware_backend,52,52,0.714,0.216,2.103,ci columns hold IQR for this measure
both,median_days_to_revert,other,246,246,0.562,0.175,2.175,ci columns hold IQR for this measure
both,median_days_to_revert,all,420,420,0.711,0.211,2.407,ci columns hold IQR for this measure
both,kernel_performance_revert_reason,unstated,24,102,0.2353,,,
both,kernel_performance_revert_reason,correctness_or_accuracy,20,102,0.1961,,,
both,kernel_performance_revert_reason,ci_or_test_failure,14,102,0.1373,,,
both,kernel_performance_revert_reason,hardware_specific_breakage,13,102,0.1275,,,
both,kernel_performance_revert_reason,crash_or_hang,9,102,0.0882,,,
both,kernel_performance_revert_reason,other,7,102,0.0686,,,
both,kernel_performance_revert_reason,performance_regression,5,102,0.049,,,
both,kernel_performance_revert_reason,build_or_dependency,5,102,0.049,,,
both,kernel_performance_revert_reason,premature_or_process,4,102,0.0392,,,
both,kernel_performance_revert_reason,api_or_compat_break,1,102,0.0098,,,
