repo,scope,provenance_class,n,denominator,share,ci95_low,ci95_high
vllm,all,academic_paper,35,125,0.28,0.208,0.36
vllm,all,vendor_library,39,125,0.312,0.232,0.392
vllm,all,company_engineering,19,125,0.152,0.096,0.216
vllm,all,community_contribution,32,125,0.256,0.184,0.336
vllm,all,unclear,0,125,0.0,0.0,0.0
vllm,default,academic_paper,16,60,0.2667,0.15,0.3833
vllm,default,vendor_library,23,60,0.3833,0.2667,0.5167
vllm,default,company_engineering,4,60,0.0667,0.0167,0.1333
vllm,default,community_contribution,17,60,0.2833,0.1667,0.4
vllm,default,unclear,0,60,0.0,0.0,0.0
vllm,operator:attention,academic_paper,14,36,0.3889,,
vllm,operator:attention,vendor_library,10,36,0.2778,,
vllm,operator:attention,company_engineering,6,36,0.1667,,
vllm,operator:attention,community_contribution,6,36,0.1667,,
vllm,operator:attention,unclear,0,36,0.0,,
vllm,operator:collective,academic_paper,2,15,0.1333,,
vllm,operator:collective,vendor_library,5,15,0.3333,,
vllm,operator:collective,company_engineering,4,15,0.2667,,
vllm,operator:collective,community_contribution,4,15,0.2667,,
vllm,operator:collective,unclear,0,15,0.0,,
vllm,operator:fused_moe,academic_paper,4,22,0.1818,,
vllm,operator:fused_moe,vendor_library,9,22,0.4091,,
vllm,operator:fused_moe,company_engineering,4,22,0.1818,,
vllm,operator:fused_moe,community_contribution,5,22,0.2273,,
vllm,operator:fused_moe,unclear,0,22,0.0,,
vllm,operator:norm_activation,academic_paper,0,8,0.0,,
vllm,operator:norm_activation,vendor_library,2,8,0.25,,
vllm,operator:norm_activation,company_engineering,1,8,0.125,,
vllm,operator:norm_activation,community_contribution,5,8,0.625,,
vllm,operator:norm_activation,unclear,0,8,0.0,,
vllm,operator:other_kernel,academic_paper,4,9,0.4444,,
vllm,operator:other_kernel,vendor_library,1,9,0.1111,,
vllm,operator:other_kernel,company_engineering,1,9,0.1111,,
vllm,operator:other_kernel,community_contribution,3,9,0.3333,,
vllm,operator:other_kernel,unclear,0,9,0.0,,
vllm,operator:quantized_gemm,academic_paper,6,25,0.24,,
vllm,operator:quantized_gemm,vendor_library,11,25,0.44,,
vllm,operator:quantized_gemm,company_engineering,3,25,0.12,,
vllm,operator:quantized_gemm,community_contribution,5,25,0.2,,
vllm,operator:quantized_gemm,unclear,0,25,0.0,,
vllm,operator:sampling,academic_paper,3,5,0.6,,
vllm,operator:sampling,vendor_library,1,5,0.2,,
vllm,operator:sampling,company_engineering,0,5,0.0,,
vllm,operator:sampling,community_contribution,1,5,0.2,,
vllm,operator:sampling,unclear,0,5,0.0,,
vllm,operator:speculative_decoding,academic_paper,2,5,0.4,,
vllm,operator:speculative_decoding,vendor_library,0,5,0.0,,
vllm,operator:speculative_decoding,company_engineering,0,5,0.0,,
vllm,operator:speculative_decoding,community_contribution,3,5,0.6,,
vllm,operator:speculative_decoding,unclear,0,5,0.0,,
sglang,all,academic_paper,24,79,0.3038,0.2025,0.4051
sglang,all,vendor_library,21,79,0.2658,0.1772,0.3671
sglang,all,company_engineering,19,79,0.2405,0.1516,0.3418
sglang,all,community_contribution,15,79,0.1899,0.1013,0.2785
sglang,all,unclear,0,79,0.0,0.0,0.0
sglang,default,academic_paper,9,22,0.4091,0.2273,0.5909
sglang,default,vendor_library,4,22,0.1818,0.0455,0.3636
sglang,default,company_engineering,2,22,0.0909,0.0,0.2273
sglang,default,community_contribution,7,22,0.3182,0.1364,0.5
sglang,default,unclear,0,22,0.0,0.0,0.0
sglang,operator:attention,academic_paper,9,31,0.2903,,
sglang,operator:attention,vendor_library,10,31,0.3226,,
sglang,operator:attention,company_engineering,11,31,0.3548,,
sglang,operator:attention,community_contribution,1,31,0.0323,,
sglang,operator:attention,unclear,0,31,0.0,,
sglang,operator:collective,academic_paper,1,8,0.125,,
sglang,operator:collective,vendor_library,1,8,0.125,,
sglang,operator:collective,company_engineering,3,8,0.375,,
sglang,operator:collective,community_contribution,3,8,0.375,,
sglang,operator:collective,unclear,0,8,0.0,,
sglang,operator:fused_moe,academic_paper,3,13,0.2308,,
sglang,operator:fused_moe,vendor_library,4,13,0.3077,,
sglang,operator:fused_moe,company_engineering,5,13,0.3846,,
sglang,operator:fused_moe,community_contribution,1,13,0.0769,,
sglang,operator:fused_moe,unclear,0,13,0.0,,
sglang,operator:norm_activation,academic_paper,2,6,0.3333,,
sglang,operator:norm_activation,vendor_library,1,6,0.1667,,
sglang,operator:norm_activation,company_engineering,0,6,0.0,,
sglang,operator:norm_activation,community_contribution,3,6,0.5,,
sglang,operator:norm_activation,unclear,0,6,0.0,,
sglang,operator:other_kernel,academic_paper,1,5,0.2,,
sglang,operator:other_kernel,vendor_library,0,5,0.0,,
sglang,operator:other_kernel,company_engineering,0,5,0.0,,
sglang,operator:other_kernel,community_contribution,4,5,0.8,,
sglang,operator:other_kernel,unclear,0,5,0.0,,
sglang,operator:quantized_gemm,academic_paper,4,10,0.4,,
sglang,operator:quantized_gemm,vendor_library,5,10,0.5,,
sglang,operator:quantized_gemm,company_engineering,0,10,0.0,,
sglang,operator:quantized_gemm,community_contribution,1,10,0.1,,
sglang,operator:quantized_gemm,unclear,0,10,0.0,,
sglang,operator:sampling,academic_paper,2,3,0.6667,,
sglang,operator:sampling,vendor_library,0,3,0.0,,
sglang,operator:sampling,company_engineering,0,3,0.0,,
sglang,operator:sampling,community_contribution,1,3,0.3333,,
sglang,operator:sampling,unclear,0,3,0.0,,
sglang,operator:speculative_decoding,academic_paper,2,3,0.6667,,
sglang,operator:speculative_decoding,vendor_library,0,3,0.0,,
sglang,operator:speculative_decoding,company_engineering,0,3,0.0,,
sglang,operator:speculative_decoding,community_contribution,1,3,0.3333,,
sglang,operator:speculative_decoding,unclear,0,3,0.0,,
both,all,academic_paper,59,204,0.2892,0.2353,0.348
both,all,vendor_library,60,204,0.2941,0.2353,0.3578
both,all,company_engineering,38,204,0.1863,0.1373,0.2402
both,all,community_contribution,47,204,0.2304,0.1765,0.2892
both,all,unclear,0,204,0.0,0.0,0.0
both,default,academic_paper,25,82,0.3049,0.2073,0.4146
both,default,vendor_library,27,82,0.3293,0.2317,0.4268
both,default,company_engineering,6,82,0.0732,0.0244,0.1341
both,default,community_contribution,24,82,0.2927,0.2073,0.3902
both,default,unclear,0,82,0.0,0.0,0.0
both,operator:attention,academic_paper,23,67,0.3433,,
both,operator:attention,vendor_library,20,67,0.2985,,
both,operator:attention,company_engineering,17,67,0.2537,,
both,operator:attention,community_contribution,7,67,0.1045,,
both,operator:attention,unclear,0,67,0.0,,
both,operator:collective,academic_paper,3,23,0.1304,,
both,operator:collective,vendor_library,6,23,0.2609,,
both,operator:collective,company_engineering,7,23,0.3043,,
both,operator:collective,community_contribution,7,23,0.3043,,
both,operator:collective,unclear,0,23,0.0,,
both,operator:fused_moe,academic_paper,7,35,0.2,,
both,operator:fused_moe,vendor_library,13,35,0.3714,,
both,operator:fused_moe,company_engineering,9,35,0.2571,,
both,operator:fused_moe,community_contribution,6,35,0.1714,,
both,operator:fused_moe,unclear,0,35,0.0,,
both,operator:norm_activation,academic_paper,2,14,0.1429,,
both,operator:norm_activation,vendor_library,3,14,0.2143,,
both,operator:norm_activation,company_engineering,1,14,0.0714,,
both,operator:norm_activation,community_contribution,8,14,0.5714,,
both,operator:norm_activation,unclear,0,14,0.0,,
both,operator:other_kernel,academic_paper,5,14,0.3571,,
both,operator:other_kernel,vendor_library,1,14,0.0714,,
both,operator:other_kernel,company_engineering,1,14,0.0714,,
both,operator:other_kernel,community_contribution,7,14,0.5,,
both,operator:other_kernel,unclear,0,14,0.0,,
both,operator:quantized_gemm,academic_paper,10,35,0.2857,,
both,operator:quantized_gemm,vendor_library,16,35,0.4571,,
both,operator:quantized_gemm,company_engineering,3,35,0.0857,,
both,operator:quantized_gemm,community_contribution,6,35,0.1714,,
both,operator:quantized_gemm,unclear,0,35,0.0,,
both,operator:sampling,academic_paper,5,8,0.625,,
both,operator:sampling,vendor_library,1,8,0.125,,
both,operator:sampling,company_engineering,0,8,0.0,,
both,operator:sampling,community_contribution,2,8,0.25,,
both,operator:sampling,unclear,0,8,0.0,,
both,operator:speculative_decoding,academic_paper,4,8,0.5,,
both,operator:speculative_decoding,vendor_library,0,8,0.0,,
both,operator:speculative_decoding,company_engineering,0,8,0.0,,
both,operator:speculative_decoding,community_contribution,4,8,0.5,,
both,operator:speculative_decoding,unclear,0,8,0.0,,
