repo,code,n,percent_agreement,cohen_kappa,prevalence_pass1,prevalence_pass2,comparison
vllm,ev_microbenchmark,200,0.955,0.8913,0.285,0.3,first pass vs fresh second pass on identical dossiers (model-model adjudication consistency; not human IRR)
vllm,ev_end_to_end,200,0.95,0.891,0.335,0.375,first pass vs fresh second pass on identical dossiers (model-model adjudication consistency; not human IRR)
vllm,ev_accuracy_eval,200,0.985,0.9559,0.215,0.22,first pass vs fresh second pass on identical dossiers (model-model adjudication consistency; not human IRR)
vllm,ev_numerical_tests,200,0.945,0.8898,0.515,0.53,first pass vs fresh second pass on identical dossiers (model-model adjudication consistency; not human IRR)
vllm,ev_multi_hardware,200,0.95,0.734,0.1,0.11,first pass vs fresh second pass on identical dossiers (model-model adjudication consistency; not human IRR)
vllm,ev_memory,200,0.98,0.9086,0.13,0.12,first pass vs fresh second pass on identical dossiers (model-model adjudication consistency; not human IRR)
vllm,ev_compile_graph,200,0.965,0.9096,0.26,0.265,first pass vs fresh second pass on identical dossiers (model-model adjudication consistency; not human IRR)
vllm,rq_tests,200,0.98,0.9169,0.14,0.14,first pass vs fresh second pass on identical dossiers (model-model adjudication consistency; not human IRR)
vllm,rq_other_backend_hw,200,0.945,0.8195,0.185,0.19,first pass vs fresh second pass on identical dossiers (model-model adjudication consistency; not human IRR)
vllm,rq_accuracy_eval,200,0.98,0.8464,0.075,0.065,first pass vs fresh second pass on identical dossiers (model-model adjudication consistency; not human IRR)
vllm,rq_perf_evidence,200,0.975,0.8748,0.11,0.115,first pass vs fresh second pass on identical dossiers (model-model adjudication consistency; not human IRR)
vllm,cn_integration,200,0.965,0.9085,0.27,0.245,first pass vs fresh second pass on identical dossiers (model-model adjudication consistency; not human IRR)
vllm,cn_maintenance,200,0.985,0.9536,0.21,0.195,first pass vs fresh second pass on identical dossiers (model-model adjudication consistency; not human IRR)
vllm,cn_benchmark_method,200,0.97,0.8885,0.17,0.15,first pass vs fresh second pass on identical dossiers (model-model adjudication consistency; not human IRR)
vllm,cn_documentation,200,0.97,0.8527,0.11,0.12,first pass vs fresh second pass on identical dossiers (model-model adjudication consistency; not human IRR)
sglang,ev_microbenchmark,200,0.955,0.8808,0.25,0.255,first pass vs fresh second pass on identical dossiers (model-model adjudication consistency; not human IRR)
sglang,ev_end_to_end,200,0.955,0.9052,0.39,0.385,first pass vs fresh second pass on identical dossiers (model-model adjudication consistency; not human IRR)
sglang,ev_accuracy_eval,200,0.945,0.8613,0.28,0.265,first pass vs fresh second pass on identical dossiers (model-model adjudication consistency; not human IRR)
sglang,ev_numerical_tests,200,0.955,0.9084,0.425,0.44,first pass vs fresh second pass on identical dossiers (model-model adjudication consistency; not human IRR)
sglang,ev_multi_hardware,200,0.945,0.7246,0.115,0.11,first pass vs fresh second pass on identical dossiers (model-model adjudication consistency; not human IRR)
sglang,ev_memory,200,0.93,0.7519,0.17,0.17,first pass vs fresh second pass on identical dossiers (model-model adjudication consistency; not human IRR)
sglang,ev_compile_graph,200,0.945,0.8672,0.305,0.28,first pass vs fresh second pass on identical dossiers (model-model adjudication consistency; not human IRR)
sglang,rq_tests,200,0.975,0.9082,0.17,0.155,first pass vs fresh second pass on identical dossiers (model-model adjudication consistency; not human IRR)
sglang,rq_other_backend_hw,200,0.965,0.8524,0.135,0.14,first pass vs fresh second pass on identical dossiers (model-model adjudication consistency; not human IRR)
sglang,rq_accuracy_eval,200,0.99,0.9321,0.08,0.08,first pass vs fresh second pass on identical dossiers (model-model adjudication consistency; not human IRR)
sglang,rq_perf_evidence,200,0.975,0.8837,0.12,0.125,first pass vs fresh second pass on identical dossiers (model-model adjudication consistency; not human IRR)
sglang,cn_integration,200,0.98,0.9427,0.225,0.225,first pass vs fresh second pass on identical dossiers (model-model adjudication consistency; not human IRR)
sglang,cn_maintenance,200,0.985,0.9462,0.17,0.165,first pass vs fresh second pass on identical dossiers (model-model adjudication consistency; not human IRR)
sglang,cn_benchmark_method,200,0.985,0.9404,0.15,0.145,first pass vs fresh second pass on identical dossiers (model-model adjudication consistency; not human IRR)
sglang,cn_documentation,200,0.995,0.967,0.08,0.085,first pass vs fresh second pass on identical dossiers (model-model adjudication consistency; not human IRR)
both,ev_microbenchmark,400,0.955,0.8865,0.2675,0.2775,first pass vs fresh second pass on identical dossiers (model-model adjudication consistency; not human IRR)
both,ev_end_to_end,400,0.9525,0.8983,0.3625,0.38,first pass vs fresh second pass on identical dossiers (model-model adjudication consistency; not human IRR)
both,ev_accuracy_eval,400,0.965,0.9054,0.2475,0.2425,first pass vs fresh second pass on identical dossiers (model-model adjudication consistency; not human IRR)
both,ev_numerical_tests,400,0.95,0.8998,0.47,0.485,first pass vs fresh second pass on identical dossiers (model-model adjudication consistency; not human IRR)
both,ev_multi_hardware,400,0.9475,0.7292,0.1075,0.11,first pass vs fresh second pass on identical dossiers (model-model adjudication consistency; not human IRR)
both,ev_memory,400,0.955,0.8211,0.15,0.145,first pass vs fresh second pass on identical dossiers (model-model adjudication consistency; not human IRR)
both,ev_compile_graph,400,0.955,0.8878,0.2825,0.2725,first pass vs fresh second pass on identical dossiers (model-model adjudication consistency; not human IRR)
both,rq_tests,400,0.9775,0.9124,0.155,0.1475,first pass vs fresh second pass on identical dossiers (model-model adjudication consistency; not human IRR)
both,rq_other_backend_hw,400,0.955,0.8347,0.16,0.165,first pass vs fresh second pass on identical dossiers (model-model adjudication consistency; not human IRR)
both,rq_accuracy_eval,400,0.985,0.8919,0.0775,0.0725,first pass vs fresh second pass on identical dossiers (model-model adjudication consistency; not human IRR)
both,rq_perf_evidence,400,0.975,0.8795,0.115,0.12,first pass vs fresh second pass on identical dossiers (model-model adjudication consistency; not human IRR)
both,cn_integration,400,0.9725,0.9249,0.2475,0.235,first pass vs fresh second pass on identical dossiers (model-model adjudication consistency; not human IRR)
both,cn_maintenance,400,0.985,0.9503,0.19,0.18,first pass vs fresh second pass on identical dossiers (model-model adjudication consistency; not human IRR)
both,cn_benchmark_method,400,0.9775,0.9136,0.16,0.1475,first pass vs fresh second pass on identical dossiers (model-model adjudication consistency; not human IRR)
both,cn_documentation,400,0.9825,0.9017,0.095,0.1025,first pass vs fresh second pass on identical dossiers (model-model adjudication consistency; not human IRR)
