quarter,total,touches_kernel,kernel_perf,bugfix,hardware,model,core,new_workloads,frontend,ci_test,docs,maint,other
2023Q1,93,9,6,23,0,12,40,0,0,2,2,8,0
2023Q2,117,15,11,15,0,12,39,0,8,5,11,16,0
2023Q3,173,15,9,58,0,20,36,0,15,17,14,4,0
2023Q4,230,17,11,68,3,25,38,0,7,27,22,29,0
2024Q1,392,51,31,93,16,34,81,0,17,49,19,52,0
2024Q2,767,101,69,180,21,34,135,0,37,108,68,115,0
2024Q3,1078,104,75,258,59,87,137,0,53,162,78,169,0
2024Q4,1120,63,25,250,45,123,221,0,45,147,108,156,0
2025Q1,1557,166,89,337,112,103,360,0,37,150,159,210,0
2025Q2,1855,214,117,438,147,114,341,0,55,173,197,273,0
2025Q3,2646,368,227,552,137,306,364,2,90,307,247,414,0
2025Q4,2573,358,262,608,194,201,406,2,101,342,142,314,1
2026Q1,2817,430,278,691,302,223,448,6,125,316,118,310,0
2026Q2,2858,579,329,709,437,206,465,5,176,287,90,153,1
2026Q3,3830,687,428,1117,611,252,423,22,217,524,90,146,0
