finding_id,repo,metric,estimate,denominator,start_date,end_date,source_file,notes
vllm-kernel_performance_share,vllm,kernel_performance_share,0.06557241834378093,12124,2025-09-29,2026-09-28,experiments/results/vllm-commits.csv,"bootstrap_95pct_ci=[0.061118,0.069944]; classifier v4.0"
vllm-all_bugfix_share,vllm,all_bugfix_share,0.26426921807984166,12124,2025-09-29,2026-09-28,experiments/results/vllm-commits.csv,"bootstrap_95pct_ci=[0.256516,0.272022]; classifier v4.0"
vllm-hardware_backend_share,vllm,hardware_backend_share,0.04899373144176839,12124,2025-09-29,2026-09-28,experiments/results/vllm-commits.csv,"bootstrap_95pct_ci=[0.045200,0.052788]; classifier v4.0"
vllm-kernel_implementation_touch_share,vllm,kernel_implementation_touch_share,0.23762784559551303,12124,2025-09-29,2026-09-28,experiments/results/vllm-commits.csv,"bootstrap_95pct_ci=[0.229957,0.245134]; classifier v4.0"
vllm-maintenance_share,vllm,maintenance_share,0.12817551963048499,12124,2025-09-29,2026-09-28,experiments/results/vllm-commits.csv,"bootstrap_95pct_ci=[0.122072,0.134114]; classifier v4.0"
vllm-establish_sustain_share,vllm,establish_sustain_share,0.6785714285714286,12124,2025-09-29,2026-09-28,experiments/results/vllm-commits.csv,"bootstrap_95pct_ci=[0.670406,0.686984]; classifier v4.0"
vllm-primary_purpose_kernel_performance_share,vllm,primary_purpose_kernel_performance_share,0.06557241834378093,12124,2025-09-29,2026-09-28,experiments/results/vllm-commits.csv,"bootstrap_95pct_ci=[0.061118,0.069944]; classifier v4.0"
vllm-primary_purpose_kernel_correctness_share,vllm,primary_purpose_kernel_correctness_share,0.06367535466842626,12124,2025-09-29,2026-09-28,experiments/results/vllm-commits.csv,"bootstrap_95pct_ci=[0.059304,0.067964]; classifier v4.0"
vllm-primary_purpose_bugfix_share,vllm,primary_purpose_bugfix_share,0.20059386341141539,12124,2025-09-29,2026-09-28,experiments/results/vllm-commits.csv,"bootstrap_95pct_ci=[0.193500,0.207687]; classifier v4.0"
vllm-primary_purpose_hardware_backend_share,vllm,primary_purpose_hardware_backend_share,0.04899373144176839,12124,2025-09-29,2026-09-28,experiments/results/vllm-commits.csv,"bootstrap_95pct_ci=[0.045200,0.052788]; classifier v4.0"
vllm-primary_purpose_model_support_share,vllm,primary_purpose_model_support_share,0.06614978554932366,12124,2025-09-29,2026-09-28,experiments/results/vllm-commits.csv,"bootstrap_95pct_ci=[0.061696,0.070521]; classifier v4.0"
vllm-primary_purpose_core_runtime_serving_share,vllm,primary_purpose_core_runtime_serving_share,0.1127515671395579,12124,2025-09-29,2026-09-28,experiments/results/vllm-commits.csv,"bootstrap_95pct_ci=[0.107060,0.118360]; classifier v4.0"
vllm-primary_purpose_api_frontend_router_share,vllm,primary_purpose_api_frontend_router_share,0.03992081821181128,12124,2025-09-29,2026-09-28,experiments/results/vllm-commits.csv,"bootstrap_95pct_ci=[0.036374,0.043385]; classifier v4.0"
vllm-primary_purpose_test_ci_build_benchmark_deps_share,vllm,primary_purpose_test_ci_build_benchmark_deps_share,0.23713295941933354,12124,2025-09-29,2026-09-28,experiments/results/vllm-commits.csv,"bootstrap_95pct_ci=[0.229462,0.244556]; classifier v4.0"
vllm-primary_purpose_documentation_share,vllm,primary_purpose_documentation_share,0.03117782909930716,12124,2025-09-29,2026-09-28,experiments/results/vllm-commits.csv,"bootstrap_95pct_ci=[0.028044,0.034312]; classifier v4.0"
vllm-primary_purpose_maintenance_refactor_share,vllm,primary_purpose_maintenance_refactor_share,0.12817551963048499,12124,2025-09-29,2026-09-28,experiments/results/vllm-commits.csv,"bootstrap_95pct_ci=[0.122072,0.134114]; classifier v4.0"
vllm-primary_purpose_new_workloads_share,vllm,primary_purpose_new_workloads_share,0.005691191026064005,12124,2025-09-29,2026-09-28,experiments/results/vllm-commits.csv,"bootstrap_95pct_ci=[0.004371,0.007093]; classifier v4.0"
vllm-primary_purpose_other_share,vllm,primary_purpose_other_share,0.0001649620587264929,12124,2025-09-29,2026-09-28,experiments/results/vllm-commits.csv,"bootstrap_95pct_ci=[0.000000,0.000412]; classifier v4.0"
vllm-kernel-touch-reason-optimization,vllm,kernel_touch_reason_optimization_share,0.15272474835126693,2881,2025-09-29,2026-09-28,experiments/results/vllm-commits.csv,"Among kernel implementation touches; bootstrap_95pct_ci=[0.140576,0.166262]"
vllm-kernel-touch-reason-correctness,vllm,kernel_touch_reason_correctness_share,0.2679625130163138,2881,2025-09-29,2026-09-28,experiments/results/vllm-commits.csv,"Among kernel implementation touches; bootstrap_95pct_ci=[0.252343,0.283929]"
vllm-kernel-touch-reason-hardware_port,vllm,kernel_touch_reason_hardware_port_share,0.1256508156889969,2881,2025-09-29,2026-09-28,experiments/results/vllm-commits.csv,"Among kernel implementation touches; bootstrap_95pct_ci=[0.114196,0.137799]"
vllm-kernel-touch-reason-model_integration,vllm,kernel_touch_reason_model_integration_share,0.054842068726136756,2881,2025-09-29,2026-09-28,experiments/results/vllm-commits.csv,"Among kernel implementation touches; bootstrap_95pct_ci=[0.047206,0.063173]"
vllm-kernel-touch-reason-test_ci,vllm,kernel_touch_reason_test_ci_share,0.06074279763970843,2881,2025-09-29,2026-09-28,experiments/results/vllm-commits.csv,"Among kernel implementation touches; bootstrap_95pct_ci=[0.052759,0.069767]"
vllm-kernel-touch-reason-maintenance,vllm,kernel_touch_reason_maintenance_share,0.15584866365845193,2881,2025-09-29,2026-09-28,experiments/results/vllm-commits.csv,"Among kernel implementation touches; bootstrap_95pct_ci=[0.143353,0.169039]"
vllm-kernel-touch-reason-other,vllm,kernel_touch_reason_other_share,0.1822283929191253,2881,2025-09-29,2026-09-28,experiments/results/vllm-commits.csv,"Among kernel implementation touches; bootstrap_95pct_ci=[0.168691,0.196460]"
vllm-kernel_performance-maturation-delta,vllm,kernel_performance_late4_minus_first4_share,0.025048884235481704,11507,2023-02-09,2026-06-30,experiments/results/vllm-quarterly.csv,"first_complete_quarters=2023Q1,2023Q2,2023Q3,2023Q4 share=0.027732; last_complete_quarters=2025Q3,2025Q4,2026Q1,2026Q2 share=0.052781"
vllm-bugfix_maintenance-maturation-delta,vllm,bugfix_maintenance_late4_minus_first4_share,0.05380844807040164,11507,2023-02-09,2026-06-30,experiments/results/vllm-quarterly.csv,"first_complete_quarters=2023Q1,2023Q2,2023Q3,2023Q4 share=0.344209; last_complete_quarters=2025Q3,2025Q4,2026Q1,2026Q2 share=0.398017"
vllm-contributor-top5_share,vllm,contributor_top5_share,0.13625866050808313,12124,2025-09-29,2026-09-28,experiments/results/vllm-commits.csv,Aggregate only; contributor IDs are repository-scoped SHA-256 prefixes.
vllm-contributor-gini,vllm,contributor_gini,0.7195128691829451,12124,2025-09-29,2026-09-28,experiments/results/vllm-commits.csv,Aggregate only; contributor IDs are repository-scoped SHA-256 prefixes.
vllm-contributor-contributors_for_50pct,vllm,contributor_contributors_for_50pct,80,12124,2025-09-29,2026-09-28,experiments/results/vllm-commits.csv,Aggregate only; contributor IDs are repository-scoped SHA-256 prefixes.
vllm-kernel_performance-contributor-top5_share,vllm,kernel_performance_contributor_top5_share,0.19622641509433963,795,2025-09-29,2026-09-28,experiments/results/vllm-commits.csv,Within-category aggregate; no public contributor ranking.
vllm-kernel_performance-contributor-gini,vllm,kernel_performance_contributor_gini,0.5222447342872821,795,2025-09-29,2026-09-28,experiments/results/vllm-commits.csv,Within-category aggregate; no public contributor ranking.
vllm-kernel_performance-contributor-contributors_for_50pct,vllm,kernel_performance_contributor_contributors_for_50pct,35,795,2025-09-29,2026-09-28,experiments/results/vllm-commits.csv,Within-category aggregate; no public contributor ranking.
vllm-kernel_correctness-contributor-top5_share,vllm,kernel_correctness_contributor_top5_share,0.12305699481865284,772,2025-09-29,2026-09-28,experiments/results/vllm-commits.csv,Within-category aggregate; no public contributor ranking.
vllm-kernel_correctness-contributor-gini,vllm,kernel_correctness_contributor_gini,0.42699703527195143,772,2025-09-29,2026-09-28,experiments/results/vllm-commits.csv,Within-category aggregate; no public contributor ranking.
vllm-kernel_correctness-contributor-contributors_for_50pct,vllm,kernel_correctness_contributor_contributors_for_50pct,62,772,2025-09-29,2026-09-28,experiments/results/vllm-commits.csv,Within-category aggregate; no public contributor ranking.
vllm-bugfix-contributor-top5_share,vllm,bugfix_contributor_top5_share,0.08758223684210527,2432,2025-09-29,2026-09-28,experiments/results/vllm-commits.csv,Within-category aggregate; no public contributor ranking.
vllm-bugfix-contributor-gini,vllm,bugfix_contributor_gini,0.5036844695399917,2432,2025-09-29,2026-09-28,experiments/results/vllm-commits.csv,Within-category aggregate; no public contributor ranking.
vllm-bugfix-contributor-contributors_for_50pct,vllm,bugfix_contributor_contributors_for_50pct,114,2432,2025-09-29,2026-09-28,experiments/results/vllm-commits.csv,Within-category aggregate; no public contributor ranking.
vllm-hardware_backend-contributor-top5_share,vllm,hardware_backend_contributor_top5_share,0.16835016835016836,594,2025-09-29,2026-09-28,experiments/results/vllm-commits.csv,Within-category aggregate; no public contributor ranking.
vllm-hardware_backend-contributor-gini,vllm,hardware_backend_contributor_gini,0.4588651371597108,594,2025-09-29,2026-09-28,experiments/results/vllm-commits.csv,Within-category aggregate; no public contributor ranking.
vllm-hardware_backend-contributor-contributors_for_50pct,vllm,hardware_backend_contributor_contributors_for_50pct,39,594,2025-09-29,2026-09-28,experiments/results/vllm-commits.csv,Within-category aggregate; no public contributor ranking.
vllm-model_support-contributor-top5_share,vllm,model_support_contributor_top5_share,0.20074812967581046,802,2025-09-29,2026-09-28,experiments/results/vllm-commits.csv,Within-category aggregate; no public contributor ranking.
vllm-model_support-contributor-gini,vllm,model_support_contributor_gini,0.4685020781379884,802,2025-09-29,2026-09-28,experiments/results/vllm-commits.csv,Within-category aggregate; no public contributor ranking.
vllm-model_support-contributor-contributors_for_50pct,vllm,model_support_contributor_contributors_for_50pct,47,802,2025-09-29,2026-09-28,experiments/results/vllm-commits.csv,Within-category aggregate; no public contributor ranking.
vllm-core_runtime_serving-contributor-top5_share,vllm,core_runtime_serving_contributor_top5_share,0.13167520117044623,1367,2025-09-29,2026-09-28,experiments/results/vllm-commits.csv,Within-category aggregate; no public contributor ranking.
vllm-core_runtime_serving-contributor-gini,vllm,core_runtime_serving_contributor_gini,0.5155261202261934,1367,2025-09-29,2026-09-28,experiments/results/vllm-commits.csv,Within-category aggregate; no public contributor ranking.
vllm-core_runtime_serving-contributor-contributors_for_50pct,vllm,core_runtime_serving_contributor_contributors_for_50pct,62,1367,2025-09-29,2026-09-28,experiments/results/vllm-commits.csv,Within-category aggregate; no public contributor ranking.
vllm-api_frontend_router-contributor-top5_share,vllm,api_frontend_router_contributor_top5_share,0.29958677685950413,484,2025-09-29,2026-09-28,experiments/results/vllm-commits.csv,Within-category aggregate; no public contributor ranking.
vllm-api_frontend_router-contributor-gini,vllm,api_frontend_router_contributor_gini,0.5257681712227167,484,2025-09-29,2026-09-28,experiments/results/vllm-commits.csv,Within-category aggregate; no public contributor ranking.
vllm-api_frontend_router-contributor-contributors_for_50pct,vllm,api_frontend_router_contributor_contributors_for_50pct,18,484,2025-09-29,2026-09-28,experiments/results/vllm-commits.csv,Within-category aggregate; no public contributor ranking.
vllm-test_ci_build_benchmark_deps-contributor-top5_share,vllm,test_ci_build_benchmark_deps_contributor_top5_share,0.256,2875,2025-09-29,2026-09-28,experiments/results/vllm-commits.csv,Within-category aggregate; no public contributor ranking.
vllm-test_ci_build_benchmark_deps-contributor-gini,vllm,test_ci_build_benchmark_deps_contributor_gini,0.7064232491084301,2875,2025-09-29,2026-09-28,experiments/results/vllm-commits.csv,Within-category aggregate; no public contributor ranking.
vllm-test_ci_build_benchmark_deps-contributor-contributors_for_50pct,vllm,test_ci_build_benchmark_deps_contributor_contributors_for_50pct,25,2875,2025-09-29,2026-09-28,experiments/results/vllm-commits.csv,Within-category aggregate; no public contributor ranking.
vllm-documentation-contributor-top5_share,vllm,documentation_contributor_top5_share,0.18783068783068782,378,2025-09-29,2026-09-28,experiments/results/vllm-commits.csv,Within-category aggregate; no public contributor ranking.
vllm-documentation-contributor-gini,vllm,documentation_contributor_gini,0.3864430468204053,378,2025-09-29,2026-09-28,experiments/results/vllm-commits.csv,Within-category aggregate; no public contributor ranking.
vllm-documentation-contributor-contributors_for_50pct,vllm,documentation_contributor_contributors_for_50pct,37,378,2025-09-29,2026-09-28,experiments/results/vllm-commits.csv,Within-category aggregate; no public contributor ranking.
vllm-maintenance_refactor-contributor-top5_share,vllm,maintenance_refactor_contributor_top5_share,0.2631917631917632,1554,2025-09-29,2026-09-28,experiments/results/vllm-commits.csv,Within-category aggregate; no public contributor ranking.
vllm-maintenance_refactor-contributor-gini,vllm,maintenance_refactor_contributor_gini,0.6601860449961716,1554,2025-09-29,2026-09-28,experiments/results/vllm-commits.csv,Within-category aggregate; no public contributor ranking.
vllm-maintenance_refactor-contributor-contributors_for_50pct,vllm,maintenance_refactor_contributor_contributors_for_50pct,19,1554,2025-09-29,2026-09-28,experiments/results/vllm-commits.csv,Within-category aggregate; no public contributor ranking.
vllm-new_workloads-contributor-top5_share,vllm,new_workloads_contributor_top5_share,0.34782608695652173,69,2025-09-29,2026-09-28,experiments/results/vllm-commits.csv,Within-category aggregate; no public contributor ranking.
vllm-new_workloads-contributor-gini,vllm,new_workloads_contributor_gini,0.3278985507246377,69,2025-09-29,2026-09-28,experiments/results/vllm-commits.csv,Within-category aggregate; no public contributor ranking.
vllm-new_workloads-contributor-contributors_for_50pct,vllm,new_workloads_contributor_contributors_for_50pct,10,69,2025-09-29,2026-09-28,experiments/results/vllm-commits.csv,Within-category aggregate; no public contributor ranking.
vllm-other-contributor-top5_share,vllm,other_contributor_top5_share,1.0,2,2025-09-29,2026-09-28,experiments/results/vllm-commits.csv,Within-category aggregate; no public contributor ranking.
vllm-other-contributor-gini,vllm,other_contributor_gini,0.0,2,2025-09-29,2026-09-28,experiments/results/vllm-commits.csv,Within-category aggregate; no public contributor ranking.
vllm-other-contributor-contributors_for_50pct,vllm,other_contributor_contributors_for_50pct,1,2,2025-09-29,2026-09-28,experiments/results/vllm-commits.csv,Within-category aggregate; no public contributor ranking.
sglang-kernel_performance_share,sglang,kernel_performance_share,0.05238519839500669,13458,2025-09-29,2026-09-28,experiments/results/sglang-commits.csv,"bootstrap_95pct_ci=[0.048819,0.056026]; classifier v4.0"
sglang-all_bugfix_share,sglang,all_bugfix_share,0.19423391291425174,13458,2025-09-29,2026-09-28,experiments/results/sglang-commits.csv,"bootstrap_95pct_ci=[0.187769,0.200698]; classifier v4.0"
sglang-hardware_backend_share,sglang,hardware_backend_share,0.05052756724624759,13458,2025-09-29,2026-09-28,experiments/results/sglang-commits.csv,"bootstrap_95pct_ci=[0.046961,0.054094]; classifier v4.0"
sglang-kernel_implementation_touch_share,sglang,kernel_implementation_touch_share,0.2885272700252638,13458,2025-09-29,2026-09-28,experiments/results/sglang-commits.csv,"bootstrap_95pct_ci=[0.281097,0.295809]; classifier v4.0"
sglang-maintenance_share,sglang,maintenance_share,0.11985436171793729,13458,2025-09-29,2026-09-28,experiments/results/sglang-commits.csv,"bootstrap_95pct_ci=[0.114653,0.125204]; classifier v4.0"
sglang-establish_sustain_share,sglang,establish_sustain_share,0.6220092138504979,13458,2025-09-29,2026-09-28,experiments/results/sglang-commits.csv,"bootstrap_95pct_ci=[0.614207,0.630183]; classifier v4.0"
sglang-primary_purpose_kernel_performance_share,sglang,primary_purpose_kernel_performance_share,0.05238519839500669,13458,2025-09-29,2026-09-28,experiments/results/sglang-commits.csv,"bootstrap_95pct_ci=[0.048819,0.056026]; classifier v4.0"
sglang-primary_purpose_kernel_correctness_share,sglang,primary_purpose_kernel_correctness_share,0.0656115321741715,13458,2025-09-29,2026-09-28,experiments/results/sglang-commits.csv,"bootstrap_95pct_ci=[0.061599,0.069698]; classifier v4.0"
sglang-primary_purpose_bugfix_share,sglang,primary_purpose_bugfix_share,0.12862238074008026,13458,2025-09-29,2026-09-28,experiments/results/sglang-commits.csv,"bootstrap_95pct_ci=[0.123347,0.134121]; classifier v4.0"
sglang-primary_purpose_hardware_backend_share,sglang,primary_purpose_hardware_backend_share,0.05052756724624759,13458,2025-09-29,2026-09-28,experiments/results/sglang-commits.csv,"bootstrap_95pct_ci=[0.046961,0.054094]; classifier v4.0"
sglang-primary_purpose_model_support_share,sglang,primary_purpose_model_support_share,0.06189626987665329,13458,2025-09-29,2026-09-28,experiments/results/sglang-commits.csv,"bootstrap_95pct_ci=[0.057958,0.065909]; classifier v4.0"
sglang-primary_purpose_core_runtime_serving_share,sglang,primary_purpose_core_runtime_serving_share,0.1469757764898202,13458,2025-09-29,2026-09-28,experiments/results/sglang-commits.csv,"bootstrap_95pct_ci=[0.141329,0.152772]; classifier v4.0"
sglang-primary_purpose_api_frontend_router_share,sglang,primary_purpose_api_frontend_router_share,0.0268984990340318,13458,2025-09-29,2026-09-28,experiments/results/sglang-commits.csv,"bootstrap_95pct_ci=[0.024224,0.029499]; classifier v4.0"
sglang-primary_purpose_test_ci_build_benchmark_deps_share,sglang,primary_purpose_test_ci_build_benchmark_deps_share,0.25739337197206125,13458,2025-09-29,2026-09-28,experiments/results/sglang-commits.csv,"bootstrap_95pct_ci=[0.250409,0.264527]; classifier v4.0"
sglang-primary_purpose_documentation_share,sglang,primary_purpose_documentation_share,0.056769207906078166,13458,2025-09-29,2026-09-28,experiments/results/sglang-commits.csv,"bootstrap_95pct_ci=[0.052980,0.060559]; classifier v4.0"
sglang-primary_purpose_maintenance_refactor_share,sglang,primary_purpose_maintenance_refactor_share,0.11985436171793729,13458,2025-09-29,2026-09-28,experiments/results/sglang-commits.csv,"bootstrap_95pct_ci=[0.114653,0.125204]; classifier v4.0"
sglang-primary_purpose_new_workloads_share,sglang,primary_purpose_new_workloads_share,0.03299152920196166,13458,2025-09-29,2026-09-28,experiments/results/sglang-commits.csv,"bootstrap_95pct_ci=[0.030094,0.035964]; classifier v4.0"
sglang-primary_purpose_other_share,sglang,primary_purpose_other_share,7.43052459503641e-05,13458,2025-09-29,2026-09-28,experiments/results/sglang-commits.csv,"bootstrap_95pct_ci=[0.000000,0.000223]; classifier v4.0"
sglang-kernel-touch-reason-optimization,sglang,kernel_touch_reason_optimization_share,0.10610352819984548,3883,2025-09-29,2026-09-28,experiments/results/sglang-commits.csv,"Among kernel implementation touches; bootstrap_95pct_ci=[0.096575,0.116147]"
sglang-kernel-touch-reason-correctness,sglang,kernel_touch_reason_correctness_share,0.22740149369044554,3883,2025-09-29,2026-09-28,experiments/results/sglang-commits.csv,"Among kernel implementation touches; bootstrap_95pct_ci=[0.214525,0.240793]"
sglang-kernel-touch-reason-hardware_port,sglang,kernel_touch_reason_hardware_port_share,0.11975276847798094,3883,2025-09-29,2026-09-28,experiments/results/sglang-commits.csv,"Among kernel implementation touches; bootstrap_95pct_ci=[0.109709,0.130569]"
sglang-kernel-touch-reason-model_integration,sglang,kernel_touch_reason_model_integration_share,0.09425701776976564,3883,2025-09-29,2026-09-28,experiments/results/sglang-commits.csv,"Among kernel implementation touches; bootstrap_95pct_ci=[0.085243,0.104043]"
sglang-kernel-touch-reason-test_ci,sglang,kernel_touch_reason_test_ci_share,0.05356682977079578,3883,2025-09-29,2026-09-28,experiments/results/sglang-commits.csv,"Among kernel implementation touches; bootstrap_95pct_ci=[0.046356,0.061035]"
sglang-kernel-touch-reason-maintenance,sglang,kernel_touch_reason_maintenance_share,0.14859644604687097,3883,2025-09-29,2026-09-28,experiments/results/sglang-commits.csv,"Among kernel implementation touches; bootstrap_95pct_ci=[0.137780,0.160443]"
sglang-kernel-touch-reason-other,sglang,kernel_touch_reason_other_share,0.25032191604429566,3883,2025-09-29,2026-09-28,experiments/results/sglang-commits.csv,"Among kernel implementation touches; bootstrap_95pct_ci=[0.236930,0.264229]"
sglang-kernel_performance-maturation-delta,sglang,kernel_performance_late4_minus_first4_share,0.014805279104419797,12404,2024-01-08,2026-06-30,experiments/results/sglang-quarterly.csv,"first_complete_quarters=2024Q1,2024Q2,2024Q3,2024Q4 share=0.034611; last_complete_quarters=2025Q3,2025Q4,2026Q1,2026Q2 share=0.049416"
sglang-bugfix_maintenance-maturation-delta,sglang,bugfix_maintenance_late4_minus_first4_share,0.005149856621812332,12404,2024-01-08,2026-06-30,experiments/results/sglang-quarterly.csv,"first_complete_quarters=2024Q1,2024Q2,2024Q3,2024Q4 share=0.319530; last_complete_quarters=2025Q3,2025Q4,2026Q1,2026Q2 share=0.324680"
sglang-contributor-top5_share,sglang,contributor_top5_share,0.22165254866993608,13458,2025-09-29,2026-09-28,experiments/results/sglang-commits.csv,Aggregate only; contributor IDs are repository-scoped SHA-256 prefixes.
sglang-contributor-gini,sglang,contributor_gini,0.7983012214175834,13458,2025-09-29,2026-09-28,experiments/results/sglang-commits.csv,Aggregate only; contributor IDs are repository-scoped SHA-256 prefixes.
sglang-contributor-contributors_for_50pct,sglang,contributor_contributors_for_50pct,25,13458,2025-09-29,2026-09-28,experiments/results/sglang-commits.csv,Aggregate only; contributor IDs are repository-scoped SHA-256 prefixes.
sglang-kernel_performance-contributor-top5_share,sglang,kernel_performance_contributor_top5_share,0.32340425531914896,705,2025-09-29,2026-09-28,experiments/results/sglang-commits.csv,Within-category aggregate; no public contributor ranking.
sglang-kernel_performance-contributor-gini,sglang,kernel_performance_contributor_gini,0.5799222528858423,705,2025-09-29,2026-09-28,experiments/results/sglang-commits.csv,Within-category aggregate; no public contributor ranking.
sglang-kernel_performance-contributor-contributors_for_50pct,sglang,kernel_performance_contributor_contributors_for_50pct,18,705,2025-09-29,2026-09-28,experiments/results/sglang-commits.csv,Within-category aggregate; no public contributor ranking.
sglang-kernel_correctness-contributor-top5_share,sglang,kernel_correctness_contributor_top5_share,0.14949037372593432,883,2025-09-29,2026-09-28,experiments/results/sglang-commits.csv,Within-category aggregate; no public contributor ranking.
sglang-kernel_correctness-contributor-gini,sglang,kernel_correctness_contributor_gini,0.48893776239965464,883,2025-09-29,2026-09-28,experiments/results/sglang-commits.csv,Within-category aggregate; no public contributor ranking.
sglang-kernel_correctness-contributor-contributors_for_50pct,sglang,kernel_correctness_contributor_contributors_for_50pct,48,883,2025-09-29,2026-09-28,experiments/results/sglang-commits.csv,Within-category aggregate; no public contributor ranking.
sglang-bugfix-contributor-top5_share,sglang,bugfix_contributor_top5_share,0.16984402079722705,1731,2025-09-29,2026-09-28,experiments/results/sglang-commits.csv,Within-category aggregate; no public contributor ranking.
sglang-bugfix-contributor-gini,sglang,bugfix_contributor_gini,0.5668116187788191,1731,2025-09-29,2026-09-28,experiments/results/sglang-commits.csv,Within-category aggregate; no public contributor ranking.
sglang-bugfix-contributor-contributors_for_50pct,sglang,bugfix_contributor_contributors_for_50pct,47,1731,2025-09-29,2026-09-28,experiments/results/sglang-commits.csv,Within-category aggregate; no public contributor ranking.
sglang-hardware_backend-contributor-top5_share,sglang,hardware_backend_contributor_top5_share,0.125,680,2025-09-29,2026-09-28,experiments/results/sglang-commits.csv,Within-category aggregate; no public contributor ranking.
sglang-hardware_backend-contributor-gini,sglang,hardware_backend_contributor_gini,0.4616383272058823,680,2025-09-29,2026-09-28,experiments/results/sglang-commits.csv,Within-category aggregate; no public contributor ranking.
sglang-hardware_backend-contributor-contributors_for_50pct,sglang,hardware_backend_contributor_contributors_for_50pct,44,680,2025-09-29,2026-09-28,experiments/results/sglang-commits.csv,Within-category aggregate; no public contributor ranking.
sglang-model_support-contributor-top5_share,sglang,model_support_contributor_top5_share,0.2112845138055222,833,2025-09-29,2026-09-28,experiments/results/sglang-commits.csv,Within-category aggregate; no public contributor ranking.
sglang-model_support-contributor-gini,sglang,model_support_contributor_gini,0.5339943669775603,833,2025-09-29,2026-09-28,experiments/results/sglang-commits.csv,Within-category aggregate; no public contributor ranking.
sglang-model_support-contributor-contributors_for_50pct,sglang,model_support_contributor_contributors_for_50pct,31,833,2025-09-29,2026-09-28,experiments/results/sglang-commits.csv,Within-category aggregate; no public contributor ranking.
sglang-core_runtime_serving-contributor-top5_share,sglang,core_runtime_serving_contributor_top5_share,0.2826086956521739,1978,2025-09-29,2026-09-28,experiments/results/sglang-commits.csv,Within-category aggregate; no public contributor ranking.
sglang-core_runtime_serving-contributor-gini,sglang,core_runtime_serving_contributor_gini,0.6705363392926588,1978,2025-09-29,2026-09-28,experiments/results/sglang-commits.csv,Within-category aggregate; no public contributor ranking.
sglang-core_runtime_serving-contributor-contributors_for_50pct,sglang,core_runtime_serving_contributor_contributors_for_50pct,22,1978,2025-09-29,2026-09-28,experiments/results/sglang-commits.csv,Within-category aggregate; no public contributor ranking.
sglang-api_frontend_router-contributor-top5_share,sglang,api_frontend_router_contributor_top5_share,0.4723756906077348,362,2025-09-29,2026-09-28,experiments/results/sglang-commits.csv,Within-category aggregate; no public contributor ranking.
sglang-api_frontend_router-contributor-gini,sglang,api_frontend_router_contributor_gini,0.6308479902681332,362,2025-09-29,2026-09-28,experiments/results/sglang-commits.csv,Within-category aggregate; no public contributor ranking.
sglang-api_frontend_router-contributor-contributors_for_50pct,sglang,api_frontend_router_contributor_contributors_for_50pct,6,362,2025-09-29,2026-09-28,experiments/results/sglang-commits.csv,Within-category aggregate; no public contributor ranking.
sglang-test_ci_build_benchmark_deps-contributor-top5_share,sglang,test_ci_build_benchmark_deps_contributor_top5_share,0.32303695150115475,3464,2025-09-29,2026-09-28,experiments/results/sglang-commits.csv,Within-category aggregate; no public contributor ranking.
sglang-test_ci_build_benchmark_deps-contributor-gini,sglang,test_ci_build_benchmark_deps_contributor_gini,0.7923956889915319,3464,2025-09-29,2026-09-28,experiments/results/sglang-commits.csv,Within-category aggregate; no public contributor ranking.
sglang-test_ci_build_benchmark_deps-contributor-contributors_for_50pct,sglang,test_ci_build_benchmark_deps_contributor_contributors_for_50pct,12,3464,2025-09-29,2026-09-28,experiments/results/sglang-commits.csv,Within-category aggregate; no public contributor ranking.
sglang-documentation-contributor-top5_share,sglang,documentation_contributor_top5_share,0.3481675392670157,764,2025-09-29,2026-09-28,experiments/results/sglang-commits.csv,Within-category aggregate; no public contributor ranking.
sglang-documentation-contributor-gini,sglang,documentation_contributor_gini,0.6518878639297487,764,2025-09-29,2026-09-28,experiments/results/sglang-commits.csv,Within-category aggregate; no public contributor ranking.
sglang-documentation-contributor-contributors_for_50pct,sglang,documentation_contributor_contributors_for_50pct,12,764,2025-09-29,2026-09-28,experiments/results/sglang-commits.csv,Within-category aggregate; no public contributor ranking.
sglang-maintenance_refactor-contributor-top5_share,sglang,maintenance_refactor_contributor_top5_share,0.513949163050217,1613,2025-09-29,2026-09-28,experiments/results/sglang-commits.csv,Within-category aggregate; no public contributor ranking.
sglang-maintenance_refactor-contributor-gini,sglang,maintenance_refactor_contributor_gini,0.7871665039153445,1613,2025-09-29,2026-09-28,experiments/results/sglang-commits.csv,Within-category aggregate; no public contributor ranking.
sglang-maintenance_refactor-contributor-contributors_for_50pct,sglang,maintenance_refactor_contributor_contributors_for_50pct,5,1613,2025-09-29,2026-09-28,experiments/results/sglang-commits.csv,Within-category aggregate; no public contributor ranking.
sglang-new_workloads-contributor-top5_share,sglang,new_workloads_contributor_top5_share,0.5698198198198198,444,2025-09-29,2026-09-28,experiments/results/sglang-commits.csv,Within-category aggregate; no public contributor ranking.
sglang-new_workloads-contributor-gini,sglang,new_workloads_contributor_gini,0.6782667623375588,444,2025-09-29,2026-09-28,experiments/results/sglang-commits.csv,Within-category aggregate; no public contributor ranking.
sglang-new_workloads-contributor-contributors_for_50pct,sglang,new_workloads_contributor_contributors_for_50pct,3,444,2025-09-29,2026-09-28,experiments/results/sglang-commits.csv,Within-category aggregate; no public contributor ranking.
sglang-other-contributor-top5_share,sglang,other_contributor_top5_share,1.0,1,2025-09-29,2026-09-28,experiments/results/sglang-commits.csv,Within-category aggregate; no public contributor ranking.
sglang-other-contributor-gini,sglang,other_contributor_gini,0.0,1,2025-09-29,2026-09-28,experiments/results/sglang-commits.csv,Within-category aggregate; no public contributor ranking.
sglang-other-contributor-contributors_for_50pct,sglang,other_contributor_contributors_for_50pct,1,1,2025-09-29,2026-09-28,experiments/results/sglang-commits.csv,Within-category aggregate; no public contributor ranking.
