repo,category,sample_n,merged_n,median_hours_to_merge,median_hours_to_first_review,abandoned_share,weighted_population_n,open_queue_performance_count,open_queue_share,evidence_microbenchmark_share,evidence_end_to_end_share,evidence_accuracy_eval_share,evidence_numerical_tests_share,evidence_multi_hardware_share,concern_correctness_share,concern_other_hardware_share,concern_integration_share,concern_benchmark_methodology_share,concern_maintainability_share,concern_tests_share,concern_documentation_share
vllm,kernel_performance,114,64,72.49555555555555,15.055555555555555,0.33206215841422626,1886.0,,,0.1463210702341137,0.7583408108328575,0.3131831715474345,0.30405212496941025,0.208035932784077,0.500377273839628,0.3677247328493352,0.550381352475732,0.715132759605188,0.2884258503956277,0.23266069826250102,0.49614059058650783
vllm,kernel_correctness,34,34,30.94472222222222,10.025,0.0,769.0,,,0.0,0.47058823529411764,0.3529411764705882,0.11764705882352941,0.32352941176470584,0.4411764705882353,0.4117647058823529,0.2647058823529412,0.32352941176470584,0.20588235294117646,0.2647058823529412,0.5294117647058824
vllm,hardware_backend,30,14,115.98611111111111,7.596666666666667,0.3393903167961746,1195.0,,,0.06393039782161121,0.677478913462177,0.3773792920236435,0.16793517965066085,0.27193996147971045,0.371016802815966,0.7989772198977221,0.32744902703061696,0.4314538088596666,0.06536494653649466,0.17142857142857143,0.5348342963405724
vllm,bugfix,93,44,43.07694444444444,6.161111111111111,0.41621920162007914,7521.0,,,0.019207524293284164,0.47732882842402274,0.023759115502234765,0.11344264234866201,0.1839186449018051,0.44011579576779625,0.35003159694458835,0.5371000016210817,0.4232566872956391,0.35930730733110156,0.2809301382903991,0.5478048309771659
vllm,other,329,194,43.85138888888889,12.373611111111112,0.3550396231004596,14202.0,,,0.03649186305319935,0.5274049183840548,0.08545441693666969,0.12910095097288857,0.13417498766294383,0.2816469668065548,0.3231605808915597,0.3652890466012747,0.3039109664121914,0.26191626487920244,0.18342970029301417,0.5419196093135766
vllm,open_queue_kernel_performance,5793,,,,0.22241086587436332,,589,0.10167443466252374,,,,,,,,,,,,
sglang,kernel_performance,103,55,72.025,34.22416666666667,0.3672025723472669,1555.0,,,0.28058629473420466,0.7332459180690691,0.2952269595356412,0.3588608176389526,0.4788274105315906,0.8759226625464568,0.45342798680419255,0.6575855013154048,0.8861819852173549,0.5265143859356077,0.4944285296696872,0.5673228379337704
sglang,kernel_correctness,34,34,23.565277777777776,13.288611111111111,0.0,877.0,,,0.0,0.29411764705882354,0.23529411764705882,0.14705882352941177,0.38235294117647056,0.7941176470588235,0.47058823529411764,0.47058823529411764,0.8235294117647058,0.5588235294117647,0.8235294117647058,0.7647058823529411
sglang,hardware_backend,40,22,57.18555555555555,23.54222222222222,0.30030959752321984,1615.0,,,0.03990993526597242,0.411080776808331,0.32202082746974386,0.08967492260061918,0.3397452856740783,0.8159076836476218,0.6702504925415143,0.36742893329580634,0.7323459048691247,0.5506248240923164,0.5506248240923164,0.5506248240923164
sglang,bugfix,81,40,27.64638888888889,15.293888888888889,0.4442505259384345,5579.0,,,0.0,0.2446179753021198,0.09919010198017,0.11602720729049724,0.27758464542787337,0.7736648710861218,0.46015603626380885,0.44984245431646874,0.7065098442467524,0.49983962415448907,0.615352685352025,0.5970698389637834
sglang,other,342,195,16.43777777777778,22.539166666666667,0.2856216091272264,16378.0,,,0.016825047179791348,0.24278928067089015,0.11410427505494058,0.10742760770389297,0.25376376533874395,0.6661489861544813,0.4177497722084973,0.3367303230412279,0.6746110938152091,0.5262924623713486,0.5659927583101964,0.6457861144025511
sglang,open_queue_kernel_performance,4414,,,,0.16231884057971013,,345,0.07816039873130946,,,,,,,,,,,,
