repo,number,created_at,state_at_cutoff,category,classifier_source,classifier_confidence,kernel_touch,matched_sha
sglang,29373,2026-06-26T03:44:03Z,merged,hardware_backend,matched_squash_commit,high,1,81d3c3ce77120b30e62eb7960aa5c65cf972d8ec
sglang,35989,2026-08-22T13:55:02Z,merged,kernel_correctness,matched_squash_commit,high,1,46cb12ab45d9c7f07fbb8fb07919ed55cbdbf6c5
sglang,38313,2026-09-07T10:07:16Z,merged,bugfix,matched_squash_commit,high,0,61d501427d07b80080140e8ca3537f0510cceac8
sglang,27704,2026-06-09T18:03:11Z,merged,bugfix,matched_squash_commit,high,0,fe60764f544589a200c4d2a6af97e3233d23987b
sglang,29265,2026-06-25T04:34:54Z,merged,bugfix,matched_squash_commit,high,0,c0d4d1897c8228f220ac7342cde068b571d92a7a
sglang,18179,2026-02-03T14:16:50Z,merged,new_workloads,matched_squash_commit,medium,0,47978ee85843e207479c1ea1cc5af1b42a02f511
sglang,35466,2026-08-19T06:39:54Z,open,bugfix,pr_title,high,0,
sglang,29570,2026-06-28T13:29:05Z,merged,bugfix,matched_squash_commit,high,0,3b1b512a9adb056b7d815022609ab6620459b2f6
sglang,15478,2025-12-19T12:24:10Z,merged,bugfix,matched_squash_commit,high,0,ff1e2ce24d1c805b0229caf6bbc47726cc145949
sglang,21970,2026-04-02T19:28:19Z,closed_unmerged,kernel_performance,pr_title,high,0,
sglang,19411,2026-02-26T09:02:07Z,merged,bugfix,matched_squash_commit,high,0,bdc1e46e5ac93dd7ee2d53e5d8c2d3de7dc03f69
sglang,26308,2026-05-25T12:56:12Z,merged,hardware_backend,matched_squash_commit,high,0,83d5f4604cb0f9b3983dc0c72eaab8d224318fa3
sglang,34648,2026-08-13T01:52:48Z,closed_unmerged,other,pr_title,low,0,
sglang,39009,2026-09-11T04:17:49Z,open,maintenance_refactor,pr_title,high,0,
sglang,26450,2026-05-27T06:25:42Z,closed_unmerged,bugfix,pr_title,high,0,
sglang,40235,2026-09-18T20:40:19Z,open,other,pr_title,low,0,
sglang,40818,2026-09-23T01:57:57Z,merged,documentation,matched_squash_commit,high,0,c2bc456b64ad9094decd02b6a820cefed90ec4f5
sglang,21932,2026-04-02T09:29:17Z,merged,kernel_performance,matched_squash_commit,high,0,0c204fbd57a0deb12e0736b9ba783ac1d24ece85
sglang,13649,2025-11-20T11:24:00Z,merged,new_workloads,matched_squash_commit,medium,0,323fed5cfd53b22547f1532dd7046523a010a7b4
sglang,34189,2026-08-09T19:01:36Z,merged,kernel_correctness,matched_squash_commit,high,1,4a5d7d3c67e61e21e67ede5a5ac74d8d4df47175
sglang,39451,2026-09-14T19:05:53Z,open,kernel_performance,pr_title,high,0,
sglang,39516,2026-09-15T03:51:01Z,merged,bugfix,matched_squash_commit,high,0,ddd4600197a43a36962ec761af9628b78be05c69
sglang,39473,2026-09-14T21:22:00Z,closed_unmerged,other,pr_title,low,0,
sglang,16279,2026-01-02T01:38:18Z,closed_unmerged,kernel_performance,pr_title,high,0,
sglang,21437,2026-03-26T00:38:27Z,merged,kernel_correctness,matched_squash_commit,high,1,662635e7a7674b7f83d1a64573c9378455d033e2
sglang,24751,2026-05-09T03:17:21Z,merged,bugfix,matched_squash_commit,high,0,4374789abf17f6df581100b367f5d8eed89c2604
sglang,26980,2026-06-01T23:49:30Z,merged,kernel_correctness,matched_squash_commit,high,1,e4bf0043fe802222fb027c1b6e6f914ee7b0cbb5
sglang,40603,2026-09-21T17:20:02Z,merged,test_ci_build_benchmark_deps,matched_squash_commit,medium,0,d47b8c454c59121f8676e3d666d0542b628919d2
sglang,12511,2025-11-02T04:35:52Z,merged,maintenance_refactor,matched_squash_commit,high,1,a920b9daced4b83076eda04c707a36303bed5d34
sglang,24052,2026-04-29T12:30:53Z,merged,bugfix,matched_squash_commit,high,0,da07b229496ba94f82b5fc9ed141cbe2ce97b1c8
sglang,19613,2026-03-01T05:54:23Z,merged,maintenance_refactor,matched_squash_commit,high,0,dcf462cfbaae7557f213ce2baceaebc5c61c2ccd
sglang,24348,2026-05-04T05:39:58Z,merged,core_runtime_serving,matched_squash_commit,low,0,de08c804c58b51fbb9466a29f528689afd0592bb
sglang,36368,2026-08-25T19:09:02Z,open,core_runtime_serving,pr_title,medium,0,
sglang,21246,2026-03-24T01:21:53Z,merged,kernel_correctness,matched_squash_commit,high,1,bb298936891fb6390ee43e6f7ebf635b9954cc9b
sglang,34093,2026-08-08T08:01:29Z,open,other,pr_title,low,0,
sglang,37747,2026-09-03T07:48:54Z,open,bugfix,pr_title,high,0,
sglang,13619,2025-11-20T04:38:10Z,merged,maintenance_refactor,matched_squash_commit,high,0,750084ae085c50e101e60d9643161cbd2c5fd24f
sglang,40874,2026-09-23T07:39:24Z,open,model_support,pr_title,medium,0,
sglang,21962,2026-04-02T16:45:41Z,closed_unmerged,kernel_performance,pr_title,high,0,
sglang,34642,2026-08-13T00:13:11Z,merged,kernel_performance,matched_squash_commit,high,1,aefe2d0207f01d388b9332cf6676bbc964396d06
sglang,17478,2026-01-21T08:41:49Z,merged,bugfix,matched_squash_commit,high,0,5d299c25c04a9e28170659b7588afcc0b6f84599
sglang,36834,2026-08-28T09:08:53Z,merged,core_runtime_serving,matched_squash_commit,medium,0,a328c19c81894b2093211bc089215048faa4320a
sglang,36673,2026-08-27T09:51:22Z,merged,bugfix,matched_squash_commit,high,0,726665e08e7f2880ad9126efea26c78adfa54b32
sglang,41111,2026-09-24T10:50:08Z,open,other,pr_title,low,0,
sglang,37427,2026-09-01T12:58:48Z,closed_unmerged,hardware_backend,pr_title,high,0,
sglang,22952,2026-04-16T08:45:44Z,merged,hardware_backend,matched_squash_commit,high,0,8c190f6b9183d869edcd98e7e8abefbb1c297d1d
sglang,24071,2026-04-29T16:21:49Z,closed_unmerged,bugfix,pr_title,high,0,
sglang,33203,2026-08-01T12:57:25Z,open,other,pr_title,low,0,
sglang,16584,2026-01-06T19:08:43Z,closed_unmerged,maintenance_refactor,pr_title,high,0,
sglang,22971,2026-04-16T11:51:11Z,merged,hardware_backend,matched_squash_commit,high,0,e1150f66db23b3615f1f7a060ba06aa7f53c261f
sglang,28847,2026-06-21T19:39:33Z,closed_unmerged,hardware_backend,pr_title,medium,0,
sglang,30404,2026-07-07T14:23:22Z,open,kernel_performance,pr_title,high,0,
sglang,25210,2026-05-14T01:40:11Z,merged,hardware_backend,matched_squash_commit,high,0,bc265c5f82fc4a7612775e4d7a934b7c947d539b
sglang,33176,2026-08-01T03:22:16Z,closed_unmerged,kernel_performance,pr_title,high,0,
sglang,16687,2026-01-08T01:24:02Z,closed_unmerged,bugfix,pr_title,high,0,
sglang,29699,2026-06-30T01:26:02Z,merged,kernel_performance,matched_squash_commit,high,0,8f40b5eb3f59e031bfa9fd161a240aaf50444172
sglang,37517,2026-09-02T02:47:25Z,closed_unmerged,hardware_backend,pr_title,high,0,
sglang,25171,2026-05-13T12:22:57Z,open,bugfix,pr_title,high,0,
sglang,37290,2026-08-31T19:20:21Z,merged,maintenance_refactor,matched_squash_commit,high,0,a77283fb02843669e1f534a24e59baa39e38de22
sglang,31128,2026-07-14T06:42:45Z,merged,kernel_performance,matched_squash_commit,high,0,425349b799f14f4921363c4b8ff7c39b7fc2c739
sglang,38393,2026-09-08T02:36:01Z,closed_unmerged,hardware_backend,pr_title,medium,0,
sglang,21581,2026-03-28T02:50:05Z,merged,test_ci_build_benchmark_deps,matched_squash_commit,medium,0,870a21bf39225a3d1c0fdb98c9ed25e4024f77be
sglang,26374,2026-05-26T07:24:50Z,open,hardware_backend,pr_title,medium,0,
sglang,30140,2026-07-04T23:03:57Z,merged,model_support,matched_squash_commit,medium,0,48ad6a83cfb9de6eec1179ab4f5b017365d63174
sglang,40494,2026-09-20T22:07:53Z,merged,new_workloads,matched_squash_commit,medium,1,4e60d70ba406ef195a7d2090e55ad040ba584e1c
sglang,13782,2025-11-23T04:12:45Z,merged,new_workloads,matched_squash_commit,medium,0,0e869f0868b018b03a5feca0181b2c8abd17fab7
sglang,24696,2026-05-08T13:04:13Z,merged,kernel_performance,matched_squash_commit,high,0,d3fd91ed9726cc87d3f2e67e758202d3982cde32
sglang,26067,2026-05-22T08:10:24Z,merged,test_ci_build_benchmark_deps,matched_squash_commit,medium,0,63ecf2f62b18d95d1512e355bd6ed5cce1f85dab
sglang,13170,2025-11-12T22:09:43Z,merged,core_runtime_serving,matched_squash_commit,low,0,dcc47a56c9ec20454e11b096f99f8726e99b4926
sglang,34062,2026-08-08T03:26:12Z,open,other,pr_title,low,0,
sglang,13895,2025-11-25T06:15:11Z,merged,hardware_backend,matched_squash_commit,high,0,077ca70ee48bb6ffb50604da24722299748c26fe
sglang,23273,2026-04-20T16:32:42Z,merged,hardware_backend,matched_squash_commit,high,1,0574d2b8a5cc9014af30b9b4e5f52da065f93ea9
sglang,37242,2026-08-31T10:45:12Z,merged,hardware_backend,matched_squash_commit,high,0,b425897366767d9f4a55e4bf67de7e6cb8d8b7c6
sglang,38391,2026-09-08T02:24:15Z,closed_unmerged,hardware_backend,pr_title,medium,0,
sglang,36634,2026-08-27T06:38:53Z,closed_unmerged,other,pr_title,low,0,
sglang,40329,2026-09-19T09:55:47Z,open,maintenance_refactor,pr_title,high,0,
sglang,40630,2026-09-21T21:11:42Z,closed_unmerged,other,pr_title,low,0,
sglang,35558,2026-08-19T19:08:01Z,open,hardware_backend,pr_title,medium,0,
sglang,21613,2026-03-28T21:51:53Z,closed_unmerged,new_workloads,pr_title,medium,0,
sglang,29674,2026-06-29T20:33:10Z,merged,model_support,matched_squash_commit,medium,0,74a197af9d275298336aba514f06609d780a9f21
sglang,39998,2026-09-17T17:22:57Z,open,hardware_backend,pr_title,high,0,
sglang,27397,2026-06-05T18:41:40Z,merged,hardware_backend,matched_squash_commit,high,1,e4253b39e22df77d52a9bc87528173e1f2a5bccf
sglang,20089,2026-03-07T08:54:46Z,merged,kernel_performance,matched_squash_commit,high,1,57ffc55fb647bfc241d8c4766b846f4243b9c81d
sglang,31729,2026-07-19T18:36:18Z,open,test_ci_build_benchmark_deps,pr_title,medium,0,
sglang,34747,2026-08-13T14:30:29Z,merged,new_workloads,matched_squash_commit,medium,0,cbd0271574e2543c4b3f25a493c4063249fbe56a
sglang,15575,2025-12-21T16:03:50Z,merged,kernel_correctness,matched_squash_commit,high,1,c0fc7a89e7a5350e9b1618baa5077a12c15a0ea9
sglang,25971,2026-05-21T08:17:41Z,merged,hardware_backend,matched_squash_commit,medium,0,47617cc4df1e5c249d11ea5970ce26c32c8757af
sglang,38972,2026-09-11T01:35:12Z,open,documentation,pr_title,high,0,
sglang,14074,2025-11-28T01:30:59Z,merged,hardware_backend,matched_squash_commit,high,1,d6bd2d1126632aff68c8045409b78235ca487ab6
sglang,29912,2026-07-02T07:46:16Z,merged,maintenance_refactor,matched_squash_commit,high,0,5eb1b6a7ba8e67952039b927b8bfc3297c37ef20
sglang,27111,2026-06-03T06:01:29Z,merged,hardware_backend,matched_squash_commit,high,0,ff93a576e53065842dc6187ad3f996ed0c2d743a
sglang,15177,2025-12-15T09:19:35Z,merged,kernel_correctness,matched_squash_commit,high,1,fe712aa3df4876aa11ea923ed20ed1388f962e45
sglang,26425,2026-05-26T23:48:20Z,merged,core_runtime_serving,matched_squash_commit,low,0,1051a8456f1fc6e62d69b7d4db8819ec0b0af601
sglang,33465,2026-08-04T02:55:13Z,merged,hardware_backend,matched_squash_commit,high,1,197832bcf536543092e621e03d61ae2602a392d0
sglang,17144,2026-01-15T12:12:05Z,closed_unmerged,kernel_performance,pr_title,high,0,
sglang,26349,2026-05-26T06:29:26Z,merged,hardware_backend,matched_squash_commit,high,0,aa510bda4505ee29216d99ca414cf9fc6b6ab53e
sglang,26095,2026-05-22T09:40:37Z,closed_unmerged,model_support,pr_title,high,0,
sglang,28762,2026-06-20T02:34:46Z,merged,new_workloads,matched_squash_commit,medium,0,91f9e7372db28e791cf9b62f7a7917cf7dd92528
sglang,28342,2026-06-15T21:29:00Z,merged,test_ci_build_benchmark_deps,matched_squash_commit,medium,0,4c0457f44081152090a61924de9b94e13663c95a
sglang,21040,2026-03-20T15:25:25Z,merged,hardware_backend,matched_squash_commit,high,0,61a902ce88ea278ccc1dad0b5d7437a67724d868
sglang,12892,2025-11-08T20:31:48Z,open,kernel_performance,pr_title,high,0,
sglang,39486,2026-09-14T23:01:44Z,merged,kernel_performance,matched_squash_commit,high,0,15ba54bd5d31469908ed32d92cf9473e95bde5e6
sglang,18902,2026-02-16T16:53:47Z,merged,core_runtime_serving,matched_squash_commit,low,1,43d6a32045ec20902b0094f6be52a2aa0238a36d
sglang,25433,2026-05-16T01:16:33Z,merged,maintenance_refactor,matched_squash_commit,high,0,e065445236b0ebe10d4baedbd9760e6358f492c4
sglang,17772,2026-01-26T16:56:43Z,closed_unmerged,kernel_performance,pr_title,high,0,
sglang,38159,2026-09-05T21:08:06Z,merged,core_runtime_serving,matched_squash_commit,low,0,28ebede86571a319b25061a2081323c32a387154
sglang,32858,2026-07-30T03:03:39Z,merged,kernel_correctness,matched_squash_commit,high,1,a59bb931c61bd1314d78e79a857147e0523f2304
sglang,39588,2026-09-15T09:42:31Z,open,other,pr_title,low,0,
sglang,30179,2026-07-05T18:51:18Z,open,kernel_performance,pr_title,high,0,
sglang,29090,2026-06-23T23:31:00Z,closed_unmerged,kernel_performance,pr_title,high,0,
sglang,37515,2026-09-02T02:44:56Z,open,bugfix,pr_title,high,0,
sglang,23210,2026-04-20T05:03:44Z,closed_unmerged,other,pr_title,low,0,
sglang,35798,2026-08-21T05:44:49Z,merged,kernel_correctness,matched_squash_commit,high,1,740f57a02c0b0b615f39513ff2f273fbfe071126
sglang,18339,2026-02-06T05:43:05Z,closed_unmerged,other,pr_title,low,0,
sglang,39827,2026-09-16T15:32:37Z,open,hardware_backend,pr_title,high,0,
sglang,26887,2026-06-01T05:48:49Z,closed_unmerged,core_runtime_serving,pr_title,medium,0,
sglang,18271,2026-02-04T23:40:28Z,merged,kernel_performance,matched_squash_commit,high,0,4637970dfb369d900936136c98cb5a6663385884
sglang,31634,2026-07-18T01:20:08Z,merged,kernel_correctness,matched_squash_commit,high,1,87dc211b874eb9712a4d50765b6e1af79ccb7fc8
sglang,25665,2026-05-18T14:25:49Z,merged,kernel_performance,matched_squash_commit,high,1,fc27ce06660fc0641e9103696360bf1dd28b852f
sglang,41281,2026-09-25T21:23:34Z,merged,core_runtime_serving,matched_squash_commit,low,0,37556c1b91494db583b01791720d49f275cae3bb
sglang,19010,2026-02-19T12:27:52Z,merged,new_workloads,matched_squash_commit,medium,0,3207427d6def80c182d418fe09b0ee3aac8797d7
sglang,26078,2026-05-22T08:29:48Z,merged,bugfix,pr_title,high,0,
sglang,30778,2026-07-10T12:57:15Z,open,hardware_backend,pr_title,high,0,
sglang,20480,2026-03-13T00:29:42Z,merged,maintenance_refactor,matched_squash_commit,high,0,93afe15b4370667ba4e259fe16bf247d96c2d44b
sglang,22324,2026-04-08T05:14:16Z,closed_unmerged,kernel_performance,pr_title,high,0,
sglang,22688,2026-04-13T12:02:03Z,merged,kernel_correctness,matched_squash_commit,high,1,5595f6e9888b8c8ee9e8cc627769131b94c27698
sglang,17741,2026-01-26T06:26:05Z,merged,documentation,matched_squash_commit,high,0,1b22f2ee1cd5b333c504b467d1f3e4d2ff133f1b
sglang,24706,2026-05-08T15:44:03Z,closed_unmerged,model_support,pr_title,high,0,
sglang,34953,2026-08-15T14:01:25Z,merged,kernel_performance,matched_squash_commit,high,0,1beb805356df1311f6c0490b2da8a016ed09b297
sglang,21034,2026-03-20T14:08:54Z,closed_unmerged,other,pr_title,low,0,
sglang,39698,2026-09-16T03:23:06Z,closed_unmerged,bugfix,pr_title,high,0,
sglang,31493,2026-07-16T21:08:27Z,closed_unmerged,kernel_performance,pr_title,high,0,
sglang,13977,2025-11-26T09:01:40Z,merged,kernel_performance,matched_squash_commit,high,0,b704b0a922dd8bf9e98e5ca6c6104bbf55449623
sglang,28639,2026-06-18T09:26:10Z,open,kernel_performance,pr_title,high,0,
sglang,15617,2025-12-22T08:22:41Z,closed_unmerged,bugfix,pr_title,high,0,
sglang,31105,2026-07-14T02:51:13Z,merged,bugfix,matched_squash_commit,high,0,e74ea5b1d709c5476973fd383b6204398d0c31cf
sglang,23653,2026-04-24T13:26:29Z,merged,bugfix,matched_squash_commit,high,0,8a9f2aa116b26067620bdfd2d2e4cf9c22d5873a
sglang,35098,2026-08-17T05:42:20Z,closed_unmerged,kernel_performance,pr_title,high,0,
sglang,20115,2026-03-08T07:48:27Z,closed_unmerged,kernel_performance,pr_title,high,0,
sglang,19913,2026-03-05T03:46:33Z,merged,hardware_backend,matched_squash_commit,high,1,b5f3eaecbc051d39c30d746dbf98801b1b390526
sglang,29613,2026-06-29T04:04:21Z,merged,kernel_performance,matched_squash_commit,high,1,b6fceaa7891e3840062f04894968654391503201
sglang,17516,2026-01-21T16:19:56Z,merged,bugfix,matched_squash_commit,high,0,a5bbcda968b69c89e8943d6dfdb6de8a3dd6a8d9
sglang,11090,2025-09-30T04:20:39Z,merged,kernel_performance,matched_squash_commit,high,0,2c7f4ca2f2afe47e474fc278eb9519529ee4adb6
sglang,14490,2025-12-05T08:36:28Z,merged,core_runtime_serving,matched_squash_commit,low,0,9bb1260558315c03a6b772e82a6bb146efd7ca6f
sglang,38547,2026-09-08T17:26:27Z,merged,hardware_backend,matched_squash_commit,high,1,d6cc283da704e2254ac27cc7cabe105c29196672
sglang,36707,2026-08-27T14:51:08Z,open,core_runtime_serving,pr_title,medium,0,
sglang,29817,2026-07-01T07:07:10Z,merged,core_runtime_serving,matched_squash_commit,medium,0,f19246e59ada26566da59d5602aa1880bf3c76b1
sglang,17168,2026-01-15T19:03:09Z,merged,test_ci_build_benchmark_deps,matched_squash_commit,medium,0,3f44268fe57ebd70ef52963ea9fb7621e99f185c
sglang,30408,2026-07-07T15:08:25Z,merged,bugfix,matched_squash_commit,high,0,1d8e3c248b0dc7b312a5292fc572b0a116c498e0
sglang,38039,2026-09-04T18:22:38Z,merged,kernel_correctness,matched_squash_commit,high,1,a74470e9046684d73a4492a5523ba5ee35729752
sglang,37692,2026-09-03T01:53:35Z,closed_unmerged,bugfix,pr_title,high,0,
sglang,20759,2026-03-17T08:01:26Z,merged,bugfix,matched_squash_commit,high,0,f85455ab24d33a6fc0a25c80f8974a21bc87bc94
sglang,35067,2026-08-17T01:51:48Z,merged,bugfix,pr_title,high,0,
sglang,13779,2025-11-23T00:44:54Z,closed_unmerged,kernel_performance,pr_title,high,0,
sglang,35243,2026-08-18T04:08:25Z,open,test_ci_build_benchmark_deps,pr_title,medium,0,
sglang,19767,2026-03-03T09:25:21Z,merged,bugfix,matched_squash_commit,high,0,cabe171b6ce3b0d4fb25ff9c88d5743430efaca6
sglang,15029,2025-12-13T02:56:29Z,closed_unmerged,test_ci_build_benchmark_deps,pr_title,medium,0,
sglang,11644,2025-10-15T02:27:34Z,merged,core_runtime_serving,matched_squash_commit,medium,0,1dcde5392857fef386d10c24e66b75dbe0551847
sglang,27747,2026-06-10T02:51:01Z,merged,kernel_correctness,matched_squash_commit,high,1,f8b0a120b8027a0c66679153b2bdf818936266b1
sglang,29011,2026-06-23T07:17:22Z,merged,hardware_backend,matched_squash_commit,high,0,12b08e620b6d509d13c6d7456230c36359657954
sglang,33952,2026-08-07T05:53:18Z,merged,kernel_performance,pr_title,high,0,
sglang,31122,2026-07-14T05:57:34Z,merged,model_support,matched_squash_commit,medium,0,3264477a0716b68b75598757d04a86d55718e84a
sglang,15526,2025-12-20T10:54:54Z,merged,kernel_performance,matched_squash_commit,high,0,050f108c29f0e581b602af41601d1f448d70a091
sglang,27485,2026-06-07T07:54:06Z,merged,kernel_correctness,matched_squash_commit,high,1,303757ccd8f91b3385cadff5c887221b76f3d728
sglang,32875,2026-07-30T03:28:23Z,merged,api_frontend_router,matched_squash_commit,medium,0,30643f88bc9145f41ae3c86fd60ada57b914e126
sglang,39314,2026-09-13T18:49:07Z,open,hardware_backend,pr_title,high,0,
sglang,41280,2026-09-25T21:20:03Z,merged,test_ci_build_benchmark_deps,matched_squash_commit,medium,0,516ab7761950e600d73061473dc096f91b195c58
sglang,34051,2026-08-07T23:45:52Z,closed_unmerged,bugfix,pr_title,high,0,
sglang,31472,2026-07-16T15:25:04Z,open,kernel_performance,pr_title,high,0,
sglang,41298,2026-09-26T01:39:39Z,merged,bugfix,matched_squash_commit,high,0,e538489e0e2fd02edb5d087c505db4f802a0113a
sglang,32731,2026-07-29T06:22:55Z,merged,kernel_performance,pr_title,high,0,
sglang,20396,2026-03-12T01:57:52Z,merged,kernel_performance,matched_squash_commit,high,0,db995fba4790c9010af1aeff6022569504706f17
sglang,41349,2026-09-26T12:52:30Z,merged,kernel_correctness,matched_squash_commit,high,1,cdbea5dccf0a8085200abad617910c9688e932fe
sglang,17243,2026-01-17T01:15:25Z,closed_unmerged,api_frontend_router,pr_title,medium,0,
sglang,24289,2026-05-03T03:27:07Z,closed_unmerged,model_support,pr_title,medium,0,
sglang,20130,2026-03-08T13:09:06Z,merged,bugfix,matched_squash_commit,high,0,07359efce92ccef05bed214284002436353a9928
sglang,23157,2026-04-19T09:36:12Z,merged,kernel_performance,matched_squash_commit,high,0,e39f0f4ff3a92a6c5941a396373be2c888fa90c6
sglang,16431,2026-01-05T02:00:32Z,closed_unmerged,kernel_performance,pr_title,high,0,
sglang,23724,2026-04-25T17:24:48Z,closed_unmerged,model_support,pr_title,medium,0,
sglang,31951,2026-07-21T14:38:55Z,open,hardware_backend,pr_title,medium,0,
sglang,20815,2026-03-18T05:35:23Z,merged,bugfix,matched_squash_commit,high,0,9e629d31fd93f7c4cf0fbee4632f150c8ba62c4b
sglang,14517,2025-12-05T22:06:00Z,merged,kernel_performance,matched_squash_commit,high,0,3b47973af8474ff913de82c2837ddd54c3ad7631
sglang,13815,2025-11-23T21:24:43Z,merged,kernel_performance,matched_squash_commit,high,1,2892265d4cd8366c258dad03211bdb21474fb355
sglang,16070,2025-12-29T11:02:17Z,closed_unmerged,bugfix,pr_title,high,0,
sglang,37229,2026-08-31T09:34:46Z,open,other,pr_title,low,0,
sglang,37897,2026-09-04T02:13:46Z,open,hardware_backend,pr_title,high,0,
sglang,30456,2026-07-08T02:03:33Z,merged,model_support,matched_squash_commit,medium,0,1f34911de7be8eb2945e0f0b1819502ae64b20d9
sglang,33911,2026-08-06T23:05:26Z,merged,core_runtime_serving,matched_squash_commit,medium,1,4229088a48612191756ad7aa0e6bb82275cc1b53
sglang,31587,2026-07-17T13:44:26Z,closed_unmerged,hardware_backend,pr_title,high,0,
sglang,35874,2026-08-21T15:28:23Z,open,kernel_performance,pr_title,high,0,
sglang,26496,2026-05-27T17:59:11Z,merged,kernel_performance,matched_squash_commit,high,1,e76d36214b0f4a6d1cd7af6bab6e199c97bcddfa
sglang,20799,2026-03-18T00:26:37Z,merged,bugfix,matched_squash_commit,high,0,b684b0b72f81cbd251c40db717a992ff3c8a210e
sglang,32906,2026-07-30T08:35:03Z,closed_unmerged,core_runtime_serving,pr_title,medium,0,
sglang,37233,2026-08-31T09:44:45Z,open,documentation,pr_title,high,0,
sglang,36915,2026-08-28T21:16:41Z,merged,kernel_correctness,matched_squash_commit,high,1,7f2ee22b70a755d82591d08388c7960f71d32ed6
sglang,29745,2026-06-30T10:34:40Z,closed_unmerged,bugfix,pr_title,high,0,
sglang,32277,2026-07-24T03:14:15Z,merged,kernel_correctness,matched_squash_commit,high,1,d059b0f56eaa44dd0edc34318316258b723e1fa4
sglang,23929,2026-04-28T09:55:59Z,merged,hardware_backend,matched_squash_commit,high,0,692979a8d981985cb4ec2864e93d40be6117674c
sglang,30878,2026-07-11T13:13:26Z,merged,kernel_performance,matched_squash_commit,high,0,bce3fc987d8966f8b1b33009554e484c4c3fc6b5
sglang,23755,2026-04-26T06:51:39Z,merged,core_runtime_serving,matched_squash_commit,low,0,e67810bea71f515f4ba83f82c8058480f5d3a2dc
sglang,27387,2026-06-05T15:13:40Z,merged,test_ci_build_benchmark_deps,matched_squash_commit,medium,1,b047bb3e9271e0bdcba81036df8082b36708accb
sglang,41284,2026-09-25T22:38:13Z,merged,new_workloads,matched_squash_commit,medium,0,2afd343934a6a25e5c53f34f2cc2591117e8cc25
sglang,35475,2026-08-19T07:07:46Z,closed_unmerged,other,pr_title,low,0,
sglang,14861,2025-12-11T01:54:51Z,merged,documentation,matched_squash_commit,high,0,624725cb5ee0be853c0250b4524f19d455f0017b
sglang,33222,2026-08-01T22:35:00Z,open,other,pr_title,low,0,
sglang,13546,2025-11-18T23:47:37Z,closed_unmerged,kernel_performance,pr_title,high,0,
sglang,35214,2026-08-17T23:20:00Z,merged,kernel_performance,matched_squash_commit,high,0,5b60b7c6511fc8e26ce4bfd20daa92de6a894c17
sglang,12094,2025-10-24T23:13:40Z,merged,kernel_performance,matched_squash_commit,high,0,9ff9fa7f95bef8de135e9eb567a1ee9a17f0db47
sglang,29925,2026-07-02T09:33:34Z,merged,test_ci_build_benchmark_deps,matched_squash_commit,medium,1,f3c3eea6083cd2842b48f2f23cde87e36eb8ad90
sglang,39145,2026-09-11T23:32:58Z,merged,bugfix,matched_squash_commit,high,0,39e147443bfd750252892e1dc2e46af8439b0679
sglang,29276,2026-06-25T07:08:43Z,closed_unmerged,other,pr_title,low,0,
sglang,13998,2025-11-26T14:21:50Z,merged,kernel_performance,matched_squash_commit,high,0,26d95008b65b4700a1a6da217e451037cd574159
sglang,19415,2026-02-26T09:44:38Z,merged,bugfix,matched_squash_commit,high,0,86c5617787fb14c9797319ea3d7a4a96cc913295
sglang,25035,2026-05-12T04:18:22Z,open,core_runtime_serving,pr_title,medium,0,
sglang,40550,2026-09-21T08:04:05Z,open,bugfix,pr_title,high,0,
sglang,37003,2026-08-29T09:16:49Z,closed_unmerged,model_support,pr_title,high,0,
sglang,32576,2026-07-27T22:15:13Z,open,other,pr_title,low,0,
sglang,14514,2025-12-05T21:16:33Z,merged,bugfix,matched_squash_commit,high,0,b72f0268c760e074f1d64aae02f4b6e57cb66814
sglang,22995,2026-04-16T21:03:56Z,closed_unmerged,core_runtime_serving,pr_title,medium,0,
sglang,37671,2026-09-02T22:55:35Z,closed_unmerged,other,pr_title,low,0,
sglang,17866,2026-01-28T07:13:51Z,merged,core_runtime_serving,matched_squash_commit,low,0,a45647bce16ddf159713a65c3b281c7e66700bcc
sglang,27143,2026-06-03T08:39:52Z,merged,new_workloads,matched_squash_commit,medium,0,33f943fbf57ba3e5ea83c1137c6e5a0b4dc4c0f4
sglang,15116,2025-12-14T13:54:45Z,merged,bugfix,matched_squash_commit,high,0,89ad3908439ee436a3c476208f4edecd132fdacd
sglang,31692,2026-07-19T03:36:41Z,open,bugfix,pr_title,high,0,
sglang,14193,2025-12-01T06:17:39Z,closed_unmerged,other,pr_title,low,0,
sglang,30679,2026-07-09T14:52:59Z,open,new_workloads,pr_title,medium,0,
sglang,30105,2026-07-04T08:52:52Z,merged,kernel_correctness,matched_squash_commit,high,1,eec794bce0808ae26cc1dcb84a56b65d2df82af5
sglang,19465,2026-02-27T00:17:49Z,merged,maintenance_refactor,matched_squash_commit,high,0,1a32c0db4d4a32edd43b88c54e351a1b2c8a2140
sglang,39540,2026-09-15T05:35:16Z,open,api_frontend_router,pr_title,medium,0,
sglang,25619,2026-05-18T10:35:40Z,merged,core_runtime_serving,matched_squash_commit,low,0,9fdf73f3931af2302e315a1470e2497e5a3e9b04
sglang,31284,2026-07-15T06:00:47Z,open,kernel_performance,pr_title,high,0,
sglang,34532,2026-08-12T06:14:39Z,closed_unmerged,model_support,pr_title,high,0,
sglang,23933,2026-04-28T10:42:41Z,closed_unmerged,other,pr_title,low,0,
sglang,29409,2026-06-26T08:31:08Z,merged,hardware_backend,matched_squash_commit,high,0,308d89e042e0bbdc33514baca7147e467865ecdf
sglang,20469,2026-03-12T19:38:52Z,merged,kernel_performance,matched_squash_commit,high,0,87549f8f0bf9e3514c1f6d30ba79844163b9221d
sglang,41210,2026-09-25T03:19:29Z,open,api_frontend_router,pr_title,medium,0,
sglang,32379,2026-07-25T04:02:07Z,merged,bugfix,matched_squash_commit,high,0,69a3c54c7023d1cdcc15e16131a3d6ef128f430d
sglang,21494,2026-03-26T23:08:14Z,merged,bugfix,pr_title,high,0,
sglang,40905,2026-09-23T11:55:24Z,merged,hardware_backend,matched_squash_commit,high,0,d65503fece2cfe54c915c6e1fa354e4b760ae403
sglang,34992,2026-08-16T04:16:49Z,merged,new_workloads,matched_squash_commit,medium,0,e9ad8102a2ae33ac8238e421a3fa83d9d2e8a19e
sglang,23213,2026-04-20T05:53:20Z,merged,api_frontend_router,matched_squash_commit,medium,0,a2d30d27fe855f52c5356b254c1960cc52a4c715
sglang,21565,2026-03-27T21:41:42Z,merged,hardware_backend,matched_squash_commit,medium,0,42c46e6334a9eac123aa00724870deadcd752c4a
sglang,20119,2026-03-08T09:25:36Z,merged,hardware_backend,matched_squash_commit,high,0,21a0015aa3355c452d40d8de09adfe42a2a25a56
sglang,36400,2026-08-26T00:27:07Z,closed_unmerged,other,pr_title,low,0,
sglang,20943,2026-03-19T16:59:44Z,closed_unmerged,kernel_performance,pr_title,high,0,
sglang,28169,2026-06-14T03:07:54Z,merged,hardware_backend,matched_squash_commit,high,0,37ed10bd2446ea64c5145a1dcbaa326241ae12f5
sglang,20922,2026-03-19T08:31:52Z,merged,hardware_backend,matched_squash_commit,high,0,80a601424325f7ea5320ef35c620d06009f76cf2
sglang,30645,2026-07-09T10:34:28Z,merged,kernel_correctness,matched_squash_commit,high,1,bda1dc0d95feb1dfd756173ac42ef68eefb44c2b
sglang,29899,2026-07-02T05:33:11Z,closed_unmerged,bugfix,pr_title,high,0,
sglang,12011,2025-10-23T10:12:39Z,closed_unmerged,other,pr_title,low,0,
sglang,28646,2026-06-18T10:32:03Z,merged,kernel_correctness,matched_squash_commit,high,1,5338e4448300c5bf131f77a9308b0d0757e8ce84
sglang,31965,2026-07-21T19:03:18Z,open,other,pr_title,low,0,
sglang,27334,2026-06-05T03:12:04Z,closed_unmerged,maintenance_refactor,pr_title,high,0,
sglang,28491,2026-06-17T04:37:05Z,merged,kernel_performance,matched_squash_commit,high,0,3bc618485abcc5ad3f6d22ccdae731351f67de1b
sglang,17723,2026-01-25T22:51:12Z,merged,kernel_performance,matched_squash_commit,high,0,bf139af37ae8e176c7c0923a7a8015495e7aec75
sglang,20555,2026-03-13T23:30:14Z,closed_unmerged,bugfix,pr_title,high,0,
sglang,31026,2026-07-13T12:28:21Z,open,hardware_backend,pr_title,high,0,
sglang,36074,2026-08-23T11:12:10Z,open,hardware_backend,pr_title,medium,0,
sglang,30715,2026-07-10T00:31:32Z,open,hardware_backend,pr_title,high,0,
sglang,37701,2026-09-03T03:11:51Z,open,hardware_backend,pr_title,high,0,
sglang,35611,2026-08-20T02:31:31Z,merged,hardware_backend,matched_squash_commit,high,0,2ded8a6aeaebe235e7f72a4580b5d6effed09bd1
sglang,35919,2026-08-21T22:33:29Z,merged,core_runtime_serving,matched_squash_commit,low,0,60ff1e33a51f363b8426d85e3434a1eb48e1b70a
sglang,17554,2026-01-22T06:16:09Z,merged,kernel_performance,matched_squash_commit,high,1,34132d6da50e0867426962d3681b62a03b5624b9
sglang,39531,2026-09-15T04:32:29Z,open,kernel_performance,pr_title,high,0,
sglang,24004,2026-04-29T04:50:09Z,merged,kernel_correctness,matched_squash_commit,high,1,d9270b8c6ad35a29b581e40cb952e145fe9418a4
sglang,22014,2026-04-03T06:28:28Z,merged,test_ci_build_benchmark_deps,matched_squash_commit,medium,0,75de479680ca706a05d02cbddb522dd4df107dd8
sglang,28857,2026-06-21T22:48:50Z,open,bugfix,pr_title,high,0,
sglang,33062,2026-07-31T11:07:21Z,open,kernel_performance,pr_title,high,0,
sglang,16406,2026-01-04T17:46:24Z,merged,kernel_performance,matched_squash_commit,high,0,cf6800f6cce01c567eded824b6ef1a10d45b0bfb
sglang,29060,2026-06-23T17:19:12Z,closed_unmerged,kernel_performance,pr_title,high,0,
sglang,22131,2026-04-05T02:05:46Z,merged,kernel_correctness,matched_squash_commit,high,1,30ba1f78b0982f1fcd1d87d3b58713c11a422ee5
sglang,28899,2026-06-22T07:46:40Z,merged,test_ci_build_benchmark_deps,matched_squash_commit,medium,0,32bae911f61ad10ac55feb4ca5c3f0dcd7db2bda
sglang,38626,2026-09-09T04:57:21Z,open,core_runtime_serving,pr_title,medium,0,
sglang,30083,2026-07-04T01:44:07Z,merged,kernel_correctness,matched_squash_commit,high,1,5f623ad24eaf21a29d2e5b914abbc4a3e92f96e7
sglang,17538,2026-01-22T01:10:21Z,merged,bugfix,matched_squash_commit,high,0,58799d91a719206f2f8c407c13e7119df3443a46
sglang,32380,2026-07-25T04:15:51Z,merged,core_runtime_serving,matched_squash_commit,low,0,3c5bf1f6d2a7c747aaba9bd515509bd591c8c690
sglang,18581,2026-02-11T03:06:36Z,closed_unmerged,core_runtime_serving,pr_title,medium,0,
sglang,26129,2026-05-22T22:06:08Z,merged,new_workloads,matched_squash_commit,medium,0,1e59ed74433fb9049e9be32c423df1687e9acbe4
sglang,13162,2025-11-12T18:30:46Z,merged,kernel_correctness,matched_squash_commit,high,1,7aa443903d1841b42fbdce4a8e3f0e881e86f92d
sglang,25452,2026-05-16T01:51:01Z,merged,test_ci_build_benchmark_deps,matched_squash_commit,medium,0,b674007026ecd95757ee855b144b0c213bf51314
sglang,24881,2026-05-10T08:26:22Z,merged,maintenance_refactor,matched_squash_commit,high,0,8cc16c99748b8c92097d6094aad694448fb8fb0e
sglang,33722,2026-08-05T14:33:40Z,merged,kernel_performance,matched_squash_commit,high,1,712a720c8ae4ddaf760c53c1abd0457a6c8cb589
sglang,26867,2026-06-01T00:51:50Z,closed_unmerged,hardware_backend,pr_title,high,0,
sglang,38217,2026-09-06T12:06:13Z,open,bugfix,pr_title,high,0,
sglang,21191,2026-03-23T06:57:21Z,merged,bugfix,matched_squash_commit,high,0,e56db8bd249ae852e2f06b508a3516625a24506b
sglang,21100,2026-03-21T17:08:54Z,merged,hardware_backend,matched_squash_commit,high,0,27071e0a4314546e39ff03349594075d546fc279
sglang,38749,2026-09-09T23:31:35Z,open,other,pr_title,low,0,
sglang,37651,2026-09-02T20:16:24Z,open,new_workloads,pr_title,medium,0,
sglang,32812,2026-07-29T21:20:47Z,merged,maintenance_refactor,pr_title,high,0,
sglang,17672,2026-01-24T07:36:34Z,closed_unmerged,core_runtime_serving,pr_title,medium,0,
sglang,41598,2026-09-28T22:57:39Z,open,core_runtime_serving,pr_title,medium,0,
sglang,40660,2026-09-22T01:20:09Z,open,bugfix,pr_title,high,0,
sglang,34970,2026-08-15T18:02:55Z,closed_unmerged,hardware_backend,pr_title,high,0,
sglang,33519,2026-08-04T08:45:48Z,closed_unmerged,hardware_backend,pr_title,medium,0,
sglang,33920,2026-08-07T01:09:50Z,closed_unmerged,hardware_backend,pr_title,high,0,
sglang,18158,2026-02-03T07:01:25Z,closed_unmerged,other,pr_title,low,0,
sglang,27776,2026-06-10T07:50:51Z,closed_unmerged,kernel_performance,pr_title,high,0,
sglang,18526,2026-02-10T08:31:11Z,merged,hardware_backend,matched_squash_commit,high,1,7e46aafebb6dded04f6ba345a8e203049618704a
sglang,21274,2026-03-24T05:11:39Z,closed_unmerged,bugfix,pr_title,high,0,
sglang,29309,2026-06-25T14:12:04Z,open,kernel_performance,pr_title,high,0,
sglang,12084,2025-10-24T18:14:03Z,merged,bugfix,matched_squash_commit,high,0,770d63123c70f4eeb2d69c7268154cb0204e3e93
sglang,25134,2026-05-13T05:07:13Z,merged,core_runtime_serving,matched_squash_commit,low,0,b0018ad0158cfd9f82fd827b0335cd0b94cd81ba
sglang,13370,2025-11-16T08:46:33Z,closed_unmerged,model_support,pr_title,high,0,
sglang,21465,2026-03-26T08:54:30Z,merged,model_support,matched_squash_commit,high,0,57cf4790ca2f86543bbd773cee15913a38a026d1
sglang,20983,2026-03-20T05:59:32Z,merged,new_workloads,matched_squash_commit,medium,0,6dfa8a40bc6a18512677b4cc60a42bf76fadea68
sglang,11250,2025-10-06T02:17:42Z,closed_unmerged,maintenance_refactor,pr_title,high,0,
sglang,26846,2026-05-31T10:43:19Z,closed_unmerged,other,pr_title,low,0,
sglang,28722,2026-06-19T09:02:18Z,merged,hardware_backend,matched_squash_commit,high,0,47cad39f345a28c4b70069c02c27d08b603c7aa7
sglang,26302,2026-05-25T12:09:16Z,merged,core_runtime_serving,matched_squash_commit,low,0,34ea682a0774641c77651cd51370cab6a4a3b9b3
sglang,14042,2025-11-27T04:48:22Z,closed_unmerged,hardware_backend,pr_title,medium,0,
sglang,40590,2026-09-21T14:17:51Z,merged,bugfix,matched_squash_commit,high,0,5f9c6b9eb070acd30e7b59069964086d34867ad6
sglang,34961,2026-08-15T15:57:57Z,merged,test_ci_build_benchmark_deps,matched_squash_commit,medium,0,3802a725ac889c7e0ad45795c2550079a33c229b
sglang,20736,2026-03-17T03:02:11Z,merged,hardware_backend,matched_squash_commit,high,0,ea05ea5abed1bf999ca0a20d3c9e205f914c815a
sglang,13257,2025-11-14T04:10:13Z,merged,kernel_performance,matched_squash_commit,high,0,7cdaedb8fbcffbe196c0e3704a86743a978c25b0
sglang,27458,2026-06-06T21:16:22Z,merged,core_runtime_serving,matched_squash_commit,medium,0,1c7acba57937c26c459f07138be2ff4621c4100d
sglang,26369,2026-05-26T07:24:35Z,closed_unmerged,core_runtime_serving,pr_title,medium,0,
sglang,21041,2026-03-20T16:29:44Z,merged,bugfix,matched_squash_commit,high,0,eefb504f843a1fb856a77ad399b4c34e49eeb4f0
sglang,22617,2026-04-12T05:38:29Z,closed_unmerged,kernel_performance,pr_title,high,0,
sglang,38801,2026-09-10T06:12:39Z,merged,api_frontend_router,matched_squash_commit,medium,0,06dfe05d65f7dbc1a630048cf9c7d433fc02a157
sglang,37468,2026-09-01T19:53:58Z,merged,kernel_performance,matched_squash_commit,high,0,0f18d389b46bdb8d8860481019f55b402ec65a06
sglang,34097,2026-08-08T08:13:17Z,merged,documentation,matched_squash_commit,high,0,57f2105118f84a8d08e39c7b692a3472ba18a6c5
sglang,34777,2026-08-13T21:40:22Z,merged,bugfix,matched_squash_commit,high,0,6f005e4da17dc9efdd929d89e21425a4eec990f0
sglang,16337,2026-01-03T08:19:28Z,merged,bugfix,matched_squash_commit,high,0,65b0b5b248b5994fb6abc4f335336463c755cf37
sglang,32562,2026-07-27T18:34:47Z,merged,test_ci_build_benchmark_deps,matched_squash_commit,medium,0,c113ead98a12f3ba22ec315f9c4f14a9d2cda64d
sglang,34220,2026-08-10T05:36:51Z,merged,hardware_backend,matched_squash_commit,high,1,dd20826e0a87fbf9b775727276a341f52b6d967a
sglang,13718,2025-11-21T09:22:26Z,merged,test_ci_build_benchmark_deps,matched_squash_commit,medium,1,53fffefd5dae353b3f67a9861aea58bf8abe6b4c
sglang,16483,2026-01-05T11:07:03Z,merged,kernel_performance,matched_squash_commit,high,0,486c7de39f5c6ec8d651c5c0c662e940fccb63e0
sglang,26189,2026-05-24T00:11:30Z,closed_unmerged,bugfix,pr_title,high,0,
sglang,14781,2025-12-10T03:23:39Z,merged,kernel_performance,matched_squash_commit,high,0,e0026f7c92c91f7c039ab7b823caf65207c8cbb2
sglang,26174,2026-05-23T14:21:20Z,open,kernel_performance,pr_title,high,0,
sglang,12550,2025-11-03T09:30:01Z,merged,core_runtime_serving,matched_squash_commit,low,0,8834260739fb3c07f554f0863c535f4b63a1dc6b
sglang,32635,2026-07-28T09:21:39Z,open,model_support,pr_title,medium,0,
sglang,34285,2026-08-10T12:02:08Z,open,core_runtime_serving,pr_title,medium,0,
sglang,28433,2026-06-16T12:47:30Z,merged,hardware_backend,matched_squash_commit,high,0,71b090a8e785c3ff74cafa6a9345e6d6f9c57b09
sglang,24528,2026-05-06T11:51:36Z,closed_unmerged,hardware_backend,pr_title,high,0,
sglang,11830,2025-10-19T13:47:06Z,closed_unmerged,kernel_performance,pr_title,high,0,
sglang,22160,2026-04-05T17:29:10Z,merged,kernel_performance,matched_squash_commit,high,0,aa103eab8df407e87102cd290314a9f37dca5038
sglang,15775,2025-12-24T16:02:54Z,merged,maintenance_refactor,matched_squash_commit,high,0,ae434f7821dda97d921c27ba8770e17a42804a1b
sglang,21985,2026-04-03T00:53:28Z,merged,kernel_performance,matched_squash_commit,high,1,587fd15bd272d03f78dcc58a3e771a88d0c40f64
sglang,29223,2026-06-25T00:39:02Z,merged,kernel_performance,matched_squash_commit,high,1,da802ddcafe55e25b3e1db86b1e0444afc3e05bc
sglang,24735,2026-05-09T01:37:15Z,merged,maintenance_refactor,matched_squash_commit,high,0,78da0d3106741e1c0f58637a5054e1fb27575b30
sglang,35831,2026-08-21T08:28:23Z,open,bugfix,pr_title,high,0,
sglang,37656,2026-09-02T20:43:50Z,closed_unmerged,core_runtime_serving,pr_title,medium,0,
sglang,16370,2026-01-04T03:58:08Z,merged,kernel_performance,matched_squash_commit,high,0,4a04a9818e335a4496f6ab8cade377fdc6997fd0
sglang,27464,2026-06-06T23:07:31Z,open,kernel_performance,pr_title,high,0,
sglang,17436,2026-01-20T19:51:59Z,merged,documentation,matched_squash_commit,high,0,4ecd9afde9787cb0263fd0fcbf5bac5867c17b0f
sglang,36568,2026-08-26T20:45:16Z,merged,kernel_performance,matched_squash_commit,high,0,6480cce9bc7bb83e18537be3995a094cf2426e74
sglang,22029,2026-04-03T09:27:23Z,merged,kernel_performance,matched_squash_commit,high,0,c431b11d8b10f9cd03821f105919a26e05e27105
sglang,29850,2026-07-01T14:32:50Z,open,model_support,pr_title,medium,0,
sglang,40419,2026-09-20T06:26:47Z,open,bugfix,pr_title,high,0,
sglang,24749,2026-05-09T03:00:57Z,closed_unmerged,kernel_performance,pr_title,high,0,
sglang,32370,2026-07-25T01:35:20Z,merged,kernel_performance,matched_squash_commit,high,0,9ced8d0981aae63f5bba54206d03b10c26f8eef7
sglang,29028,2026-06-23T09:09:38Z,closed_unmerged,kernel_performance,pr_title,high,0,
sglang,39156,2026-09-12T02:19:46Z,closed_unmerged,bugfix,pr_title,high,0,
sglang,11331,2025-10-08T12:42:16Z,merged,new_workloads,matched_squash_commit,medium,1,1083e7e3df1e637f3f9fe246f0e87162fa7199a1
sglang,28107,2026-06-13T00:06:07Z,merged,hardware_backend,matched_squash_commit,medium,0,6c3e429ba13149d1d619d0a351dd463a120d6928
sglang,19995,2026-03-06T01:54:10Z,merged,model_support,matched_squash_commit,medium,0,df1d046de2a1ac47ef4f1c99b37b3e59feff95e1
sglang,18195,2026-02-03T19:57:05Z,merged,kernel_performance,matched_squash_commit,high,1,efbf39583e7a716e0204b071db687145392e41b2
sglang,18491,2026-02-09T13:31:24Z,closed_unmerged,hardware_backend,pr_title,medium,0,
sglang,14989,2025-12-12T12:10:36Z,merged,core_runtime_serving,matched_squash_commit,low,0,171b442ad3ac87139c60b807d45d7f7fec533505
sglang,21019,2026-03-20T11:39:55Z,merged,kernel_performance,matched_squash_commit,high,1,5bdc07d974f6cf236fa765a685453ea5e587a838
sglang,29671,2026-06-29T18:48:03Z,merged,hardware_backend,matched_squash_commit,high,0,7da4e30d9b4304d095b02abe7467cd54517bdcfe
sglang,14350,2025-12-03T08:56:37Z,merged,kernel_correctness,matched_squash_commit,high,1,922756aaa1c2f03589ca1cf5380c0e8abcd670d1
sglang,32575,2026-07-27T21:48:44Z,merged,test_ci_build_benchmark_deps,matched_squash_commit,medium,0,572924634b9f18ea86da039929db4337508c89af
sglang,25255,2026-05-14T07:05:12Z,merged,test_ci_build_benchmark_deps,matched_squash_commit,medium,0,d311f311bc1a7e90ed0986227e68770c9af6dd09
sglang,22035,2026-04-03T09:57:50Z,closed_unmerged,bugfix,pr_title,high,0,
sglang,31221,2026-07-14T19:43:12Z,merged,hardware_backend,matched_squash_commit,high,1,2fd78ec2d75149288832080321e061eb9ad445e1
sglang,26497,2026-05-27T18:20:56Z,closed_unmerged,bugfix,pr_title,high,0,
sglang,26152,2026-05-23T06:19:17Z,merged,kernel_correctness,matched_squash_commit,high,1,5964d30233f2223e6df6569d3fb89117d571abb8
sglang,16965,2026-01-12T14:21:20Z,merged,new_workloads,matched_squash_commit,medium,0,d11e2dc6f4a84febcce3f2447501c52666a1a2a3
sglang,39498,2026-09-15T01:20:36Z,closed_unmerged,api_frontend_router,pr_title,medium,0,
sglang,15683,2025-12-23T12:31:12Z,closed_unmerged,model_support,pr_title,medium,0,
sglang,16343,2026-01-03T12:10:28Z,merged,model_support,matched_squash_commit,high,0,9bd64d739bb33108c091dae538f7fe4678cab2ac
sglang,13684,2025-11-21T01:06:25Z,closed_unmerged,hardware_backend,pr_title,medium,0,
sglang,38948,2026-09-10T22:06:11Z,merged,kernel_performance,matched_squash_commit,high,1,f3851486cbc5155df62551f0aba3ac702f0d137e
sglang,25494,2026-05-16T23:19:34Z,open,core_runtime_serving,pr_title,medium,0,
sglang,21326,2026-03-24T17:33:12Z,closed_unmerged,core_runtime_serving,pr_title,medium,0,
sglang,38303,2026-09-07T08:37:54Z,open,hardware_backend,pr_title,high,0,
sglang,19192,2026-02-23T20:19:23Z,merged,bugfix,matched_squash_commit,high,0,ca09d71cf0b677bd7637c3d2ff755d2fd0aba58c
sglang,11765,2025-10-17T16:08:35Z,merged,bugfix,matched_squash_commit,high,0,8bd26dd4e6b12b7b5af8204483b3c659793c7b37
sglang,33156,2026-08-01T01:19:56Z,closed_unmerged,other,pr_title,low,0,
sglang,11313,2025-10-08T01:06:23Z,merged,core_runtime_serving,matched_squash_commit,medium,0,b36afed4a7eccea5c5009348e6f14429d2a44d27
sglang,17881,2026-01-28T12:58:46Z,closed_unmerged,hardware_backend,pr_title,medium,0,
sglang,23547,2026-04-23T07:39:10Z,merged,documentation,matched_squash_commit,high,0,cbc2bee547327a1ac67f2a629abb0ed2965243f7
sglang,35858,2026-08-21T11:02:01Z,merged,new_workloads,matched_squash_commit,medium,0,e9a7157615afd696f81dd733c66a7d5d2fda09e6
sglang,28085,2026-06-12T20:58:55Z,merged,kernel_performance,matched_squash_commit,high,0,33719cfb317b1dd7fb86289e77d04f2ea63f0926
sglang,14025,2025-11-27T00:00:04Z,merged,test_ci_build_benchmark_deps,matched_squash_commit,medium,0,b087ef8b4b802d055610c492e54a22673de96a8b
sglang,22145,2026-04-05T08:21:04Z,merged,bugfix,matched_squash_commit,high,0,3148742ddb2ccd3478065c91f0222bb4817903f0
sglang,36219,2026-08-24T20:32:07Z,merged,kernel_performance,matched_squash_commit,high,1,e9c9df6a52925af7a5908eea51f91c5dd5f01a00
sglang,32320,2026-07-24T11:51:08Z,merged,hardware_backend,matched_squash_commit,medium,1,204e0fbac0c39403c9fae99bace6d0b0138d1d6c
sglang,21318,2026-03-24T14:07:02Z,merged,new_workloads,matched_squash_commit,medium,1,68f7f00174b354bebcd2bb2b0564359b32bf2c43
sglang,19027,2026-02-19T21:25:19Z,closed_unmerged,api_frontend_router,pr_title,medium,0,
sglang,26155,2026-05-23T07:09:12Z,closed_unmerged,kernel_performance,pr_title,high,0,
sglang,20251,2026-03-10T07:53:21Z,closed_unmerged,bugfix,pr_title,high,0,
sglang,28574,2026-06-17T23:17:08Z,closed_unmerged,kernel_performance,pr_title,high,0,
sglang,39118,2026-09-11T18:52:50Z,open,kernel_performance,pr_title,high,0,
sglang,29933,2026-07-02T11:03:57Z,open,bugfix,pr_title,high,0,
sglang,19639,2026-03-02T02:34:25Z,merged,new_workloads,matched_squash_commit,medium,0,07ef5f7be1ef028e4267659f19bc346a6d636461
sglang,37162,2026-08-30T21:10:40Z,merged,new_workloads,matched_squash_commit,medium,1,1c3ad92438ac6c1064f0ef1b8fdb675ecb514993
sglang,41212,2026-09-25T03:33:23Z,open,kernel_performance,pr_title,high,0,
sglang,41088,2026-09-24T09:14:11Z,open,bugfix,pr_title,high,0,
sglang,36546,2026-08-26T18:02:35Z,merged,core_runtime_serving,matched_squash_commit,medium,1,4fa2c9c1de7bf585f51fa07b5cb0fcc9644f71aa
sglang,41571,2026-09-28T12:47:32Z,closed_unmerged,documentation,pr_title,high,0,
sglang,26797,2026-05-31T01:02:56Z,merged,core_runtime_serving,matched_squash_commit,low,0,585baa97f7f483bce74413bec5690b3245050d10
sglang,23728,2026-04-25T18:41:34Z,merged,test_ci_build_benchmark_deps,matched_squash_commit,medium,0,0c826374a85ae68d3f703f1a6e45a31af2731ca7
sglang,17460,2026-01-21T03:38:01Z,merged,kernel_correctness,matched_squash_commit,high,1,672eb37534bfc960f881dbcc07e975004907c958
sglang,32337,2026-07-24T18:20:47Z,open,bugfix,pr_title,high,0,
sglang,18865,2026-02-15T16:18:21Z,merged,new_workloads,matched_squash_commit,medium,0,d0c94e136af60f28c5d9d9b7e22dcbe828a85603
sglang,35069,2026-08-17T02:17:10Z,open,api_frontend_router,pr_title,medium,0,
sglang,32157,2026-07-23T06:37:05Z,merged,bugfix,matched_squash_commit,high,0,9ea964a535c42d41a8feda9991edc274b55f81fd
sglang,21473,2026-03-26T10:36:29Z,closed_unmerged,other,pr_title,low,0,
sglang,31715,2026-07-19T14:07:28Z,open,bugfix,pr_title,high,0,
sglang,19594,2026-03-01T02:02:00Z,merged,core_runtime_serving,matched_squash_commit,low,0,67810828cf6014ce0586272633931aeba53eb980
sglang,32959,2026-07-30T19:22:19Z,open,kernel_performance,pr_title,high,0,
sglang,35694,2026-08-20T11:15:00Z,open,bugfix,pr_title,high,0,
sglang,19964,2026-03-05T15:49:54Z,merged,bugfix,matched_squash_commit,high,0,31e93e4486f9227ad4892d672fff1b4ea565b716
sglang,34517,2026-08-12T04:02:13Z,merged,hardware_backend,matched_squash_commit,high,1,6cbfa791d699c889d28f1bf5a65b08331b601388
sglang,40262,2026-09-18T23:39:57Z,merged,bugfix,matched_squash_commit,high,0,6e1338dd1eb1546518bdffe3b69d2ea0e011ef28
sglang,32125,2026-07-23T00:14:13Z,merged,bugfix,matched_squash_commit,high,0,8389d79e43af729da74bea0dd9d5550f9684c6d3
sglang,27713,2026-06-09T20:53:31Z,merged,other,pr_title,low,0,
sglang,20974,2026-03-20T03:35:24Z,merged,bugfix,matched_squash_commit,high,0,c5c58c33497aa87d79ff958213330938450dae1f
sglang,33810,2026-08-06T04:09:00Z,merged,kernel_correctness,matched_squash_commit,high,1,db8f3cdd11eba31258157ce30912a30200361cae
sglang,41453,2026-09-27T13:36:56Z,open,maintenance_refactor,pr_title,high,0,
sglang,14156,2025-11-30T03:53:08Z,merged,hardware_backend,matched_squash_commit,high,0,340c613ab56d550f2aafd10f2f2ee64c1dd78001
sglang,38993,2026-09-11T03:36:08Z,merged,core_runtime_serving,matched_squash_commit,medium,0,17fa5ad3276aec39f7626abcf7bbdf3dcff8297f
sglang,24271,2026-05-02T11:36:11Z,merged,kernel_performance,matched_squash_commit,high,0,a61a14f416c4003809a82112b4a591eec38a0a10
sglang,30130,2026-07-04T20:46:20Z,closed_unmerged,kernel_performance,pr_title,high,0,
sglang,24197,2026-05-01T01:39:54Z,merged,maintenance_refactor,matched_squash_commit,high,0,ece8a1a78813f6f0bd8394b03589d144125d08fb
sglang,13278,2025-11-14T11:47:26Z,merged,kernel_performance,matched_squash_commit,high,0,f0021c0dc8f978ebe6fa595560dcd61511c18dce
sglang,37980,2026-09-04T09:10:28Z,open,other,pr_title,low,0,
sglang,12506,2025-11-02T02:28:23Z,merged,core_runtime_serving,matched_squash_commit,low,0,819fc5912393503e39fc06679f6b934b19bab027
sglang,26517,2026-05-27T23:30:46Z,merged,test_ci_build_benchmark_deps,matched_squash_commit,medium,0,f66f56c6bd1a3dd168bf40866f5b03ab3aa79041
sglang,18343,2026-02-06T06:51:06Z,closed_unmerged,hardware_backend,pr_title,high,0,
sglang,24937,2026-05-11T04:48:10Z,merged,core_runtime_serving,matched_squash_commit,low,0,6bb79c155b1e3a5fa9c267613946293d1a1872f3
sglang,36394,2026-08-25T23:25:30Z,closed_unmerged,hardware_backend,pr_title,medium,0,
sglang,41050,2026-09-24T05:55:17Z,open,kernel_performance,pr_title,high,0,
sglang,20687,2026-03-16T10:29:27Z,merged,hardware_backend,matched_squash_commit,high,0,c7a71740a591e891a6c9d2bf17dd1d4e88cfe19d
sglang,27994,2026-06-12T03:55:36Z,merged,test_ci_build_benchmark_deps,matched_squash_commit,medium,0,cce35ee2e5d079d3357d427217b9ca16a445cf41
sglang,39688,2026-09-16T02:40:34Z,merged,kernel_performance,matched_squash_commit,high,1,c8eb54c41da1d6b452e77469fda548547dd21b14
sglang,25741,2026-05-19T04:51:54Z,merged,bugfix,matched_squash_commit,high,0,371b6c9ea0b4484147b12264035042e4808ec9c6
sglang,38880,2026-09-10T12:24:08Z,closed_unmerged,bugfix,pr_title,high,0,
sglang,30903,2026-07-12T01:07:30Z,merged,core_runtime_serving,matched_squash_commit,low,0,a149717308a069086e593d79fc793d99e1741229
sglang,22064,2026-04-03T17:22:50Z,merged,kernel_correctness,matched_squash_commit,high,1,31c9d8e8850ba18acea8c9f53b1134fd74c0c194
sglang,17861,2026-01-28T05:59:50Z,merged,hardware_backend,matched_squash_commit,high,1,97593c9f41e358739ba3515ed181825ca5091d3e
sglang,39821,2026-09-16T13:52:33Z,open,hardware_backend,pr_title,high,0,
sglang,36601,2026-08-27T03:07:04Z,open,hardware_backend,pr_title,high,0,
sglang,32651,2026-07-28T12:06:18Z,merged,new_workloads,matched_squash_commit,medium,1,7778dd23ead27c34bd2c3b758a6cf8cf8012aca5
sglang,22686,2026-04-13T11:52:39Z,closed_unmerged,kernel_performance,pr_title,high,0,
sglang,32480,2026-07-27T05:45:06Z,open,hardware_backend,pr_title,medium,0,
sglang,28006,2026-06-12T06:20:06Z,closed_unmerged,bugfix,pr_title,high,0,
sglang,26242,2026-05-25T01:05:28Z,closed_unmerged,maintenance_refactor,pr_title,high,0,
sglang,23738,2026-04-26T02:24:32Z,merged,kernel_correctness,matched_squash_commit,high,1,125f75db720e399ac7966d0ac2d812c6a87b73a9
sglang,38177,2026-09-06T03:46:30Z,open,kernel_performance,pr_title,high,0,
sglang,32880,2026-07-30T03:51:27Z,merged,core_runtime_serving,matched_squash_commit,medium,0,bc7e1a07c3ae7733f639ab531fe42c084ed31d84
sglang,17152,2026-01-15T12:44:26Z,closed_unmerged,hardware_backend,pr_title,high,0,
sglang,23038,2026-04-17T06:06:28Z,merged,kernel_performance,matched_squash_commit,high,1,48daa831ead725e62ff37de5bacf89b35bdd0d78
sglang,26970,2026-06-01T22:00:17Z,merged,kernel_performance,matched_squash_commit,high,0,c55548ba115ca227c0f2b997ffd8c851255f183f
sglang,40505,2026-09-21T00:12:25Z,merged,kernel_performance,matched_squash_commit,high,0,800613a74bc1febbe0804f3b458468d9bdb32700
sglang,34577,2026-08-12T13:18:13Z,closed_unmerged,bugfix,pr_title,high,0,
sglang,35258,2026-08-18T05:34:33Z,open,kernel_performance,pr_title,high,0,
sglang,15233,2025-12-16T06:41:25Z,merged,kernel_correctness,matched_squash_commit,high,1,888594333e6034c07536d15509a6da051d405f4f
sglang,13797,2025-11-23T13:53:35Z,merged,kernel_performance,matched_squash_commit,high,0,7bb41989fa9c455a0e5db7668c7b5117abfa8a02
sglang,41167,2026-09-24T20:43:45Z,open,other,pr_title,low,0,
sglang,28906,2026-06-22T08:13:31Z,merged,bugfix,matched_squash_commit,high,0,ed71fb8f95ec2a15125e0d697237931c9fe9f13b
sglang,13804,2025-11-23T15:14:42Z,closed_unmerged,core_runtime_serving,pr_title,medium,0,
sglang,39131,2026-09-11T21:35:11Z,open,other,pr_title,low,0,
sglang,29702,2026-06-30T01:58:59Z,merged,kernel_correctness,matched_squash_commit,high,1,1b6d1e97524c6f5ad7044f939ec2f07d33dac61e
sglang,32890,2026-07-30T06:04:59Z,merged,core_runtime_serving,matched_squash_commit,low,1,fb207b72b02a2adfab3a4a18f5e3b5fa57bb1049
sglang,40533,2026-09-21T06:02:01Z,open,api_frontend_router,pr_title,medium,0,
sglang,36141,2026-08-24T04:43:27Z,merged,api_frontend_router,matched_squash_commit,medium,0,6220f45d8e9a932857b5490e81d1fe9bfc70e841
sglang,22293,2026-04-07T23:38:14Z,merged,bugfix,matched_squash_commit,high,0,ae8da14ea34b83be42f7ad4f140c0875a356bfac
sglang,12674,2025-11-05T05:30:46Z,merged,bugfix,matched_squash_commit,high,0,0da30dbc20316f052576b2209fc3484f5f26b45d
sglang,25872,2026-05-20T08:18:13Z,merged,bugfix,matched_squash_commit,high,0,eccd5c8253057603914c899e1dc677a43f0426a4
sglang,36914,2026-08-28T21:16:27Z,merged,kernel_correctness,matched_squash_commit,high,1,f65b2b2b157930e34c99dc659dd12aa8759455b2
sglang,24350,2026-05-04T06:17:46Z,merged,core_runtime_serving,matched_squash_commit,low,1,84f3b44916a1452d5de5ef768665bf0e9aae5a58
sglang,28093,2026-06-12T21:37:25Z,merged,maintenance_refactor,matched_squash_commit,high,0,87554c78554b3b69f1fd3f9fae6beedf4726a4c4
sglang,30258,2026-07-06T11:43:32Z,closed_unmerged,hardware_backend,pr_title,high,0,
sglang,37072,2026-08-29T23:15:39Z,closed_unmerged,kernel_performance,pr_title,high,0,
sglang,32579,2026-07-27T22:21:52Z,closed_unmerged,hardware_backend,pr_title,high,0,
sglang,35213,2026-08-17T22:59:46Z,closed_unmerged,hardware_backend,pr_title,high,0,
sglang,20156,2026-03-09T06:17:22Z,merged,hardware_backend,matched_squash_commit,high,0,2d6eb7dff0bdfe3126811844f6bc1e54b7cceffd
sglang,36245,2026-08-25T02:07:14Z,merged,hardware_backend,matched_squash_commit,high,0,9eee990ce15d7fd7c8901587e6baaf4cc0603af0
sglang,18857,2026-02-15T09:56:09Z,merged,test_ci_build_benchmark_deps,matched_squash_commit,medium,0,4c7f986c6b579335ffff9dcc6dd07fef4befe917
sglang,13945,2025-11-26T00:45:06Z,merged,documentation,matched_squash_commit,high,0,873382a910e0d923d6e17b64a5b979750d698cc8
sglang,11373,2025-10-09T07:08:18Z,merged,bugfix,matched_squash_commit,high,0,ab926dd6977cd1bad1876cdf83c3b164f7cff655
sglang,19058,2026-02-20T08:33:10Z,closed_unmerged,other,pr_title,low,0,
sglang,11157,2025-10-02T07:41:41Z,closed_unmerged,kernel_performance,pr_title,high,0,
sglang,32087,2026-07-22T15:04:49Z,closed_unmerged,bugfix,pr_title,high,0,
sglang,25816,2026-05-19T22:46:46Z,open,bugfix,pr_title,high,0,
sglang,35375,2026-08-18T20:07:45Z,merged,hardware_backend,matched_squash_commit,medium,0,37c09ff3d8d66c9bce576e5cfe2426c4b35ab701
sglang,36305,2026-08-25T09:09:34Z,open,kernel_performance,pr_title,high,0,
sglang,40442,2026-09-20T09:13:36Z,closed_unmerged,core_runtime_serving,pr_title,medium,0,
sglang,18395,2026-02-07T06:11:57Z,merged,documentation,matched_squash_commit,high,0,4cf4f0859fb0ece74a882ce972a2512bf7a258aa
sglang,39036,2026-09-11T06:28:26Z,merged,hardware_backend,matched_squash_commit,high,1,69aa46b2fa6f099e92c345eae1c0c9a42b5d66b4
sglang,39972,2026-09-17T13:27:43Z,open,model_support,pr_title,high,0,
sglang,18892,2026-02-16T07:53:52Z,closed_unmerged,model_support,pr_title,medium,0,
sglang,15144,2025-12-15T03:53:32Z,merged,bugfix,matched_squash_commit,high,0,702426b06ac5675f1c2362b3a8153700c8e05c96
sglang,30049,2026-07-03T14:02:08Z,closed_unmerged,bugfix,pr_title,high,0,
sglang,36209,2026-08-24T18:01:35Z,closed_unmerged,bugfix,pr_title,high,0,
sglang,25866,2026-05-20T08:01:44Z,closed_unmerged,test_ci_build_benchmark_deps,pr_title,medium,0,
sglang,28198,2026-06-14T14:16:13Z,closed_unmerged,other,pr_title,low,0,
sglang,37176,2026-08-31T01:30:38Z,open,kernel_performance,pr_title,high,0,
sglang,16949,2026-01-12T10:21:58Z,merged,hardware_backend,matched_squash_commit,high,0,98096b5e022206936c2f27251516dd607c23d2a6
sglang,25335,2026-05-15T02:14:19Z,merged,kernel_correctness,matched_squash_commit,high,1,0c19540550e1c488b6a6675b4909737d8f274fe2
sglang,25308,2026-05-14T20:54:19Z,merged,bugfix,matched_squash_commit,high,0,29d23e198f690bc2367d9ede95811599cc8eefa3
sglang,15440,2025-12-19T03:23:20Z,open,new_workloads,pr_title,medium,0,
sglang,28806,2026-06-20T20:10:56Z,closed_unmerged,bugfix,pr_title,high,0,
sglang,18352,2026-02-06T07:52:45Z,closed_unmerged,other,pr_title,low,0,
sglang,17978,2026-01-30T07:56:19Z,closed_unmerged,other,pr_title,low,0,
sglang,33319,2026-08-03T02:52:48Z,closed_unmerged,hardware_backend,pr_title,high,0,
sglang,24246,2026-05-01T22:17:03Z,merged,kernel_performance,matched_squash_commit,high,0,2b769d37a41d2b96b28d8bf1168113c8246dd222
sglang,28500,2026-06-17T07:07:27Z,merged,kernel_performance,matched_squash_commit,high,0,f86e9b48e825ac5dba9e5e70e1d508f91314810b
sglang,40208,2026-09-18T17:30:30Z,merged,kernel_performance,matched_squash_commit,high,1,c3aa09b0dbc3b2ee42fdbc79b63f32042b4c0874
sglang,27083,2026-06-02T20:03:20Z,closed_unmerged,kernel_performance,pr_title,high,0,
sglang,34960,2026-08-15T15:34:31Z,closed_unmerged,new_workloads,pr_title,medium,0,
sglang,26788,2026-05-30T16:06:10Z,merged,kernel_performance,matched_squash_commit,high,1,c016c6f355f72854fccfd54b316f6de880e127b1
sglang,23935,2026-04-28T12:06:01Z,open,kernel_performance,pr_title,high,0,
sglang,23928,2026-04-28T09:07:34Z,closed_unmerged,other,pr_title,low,0,
sglang,21470,2026-03-26T09:45:23Z,merged,hardware_backend,matched_squash_commit,high,0,8febc3650d0490db2ed3fcc471b6925028dc027c
sglang,40128,2026-09-18T07:33:10Z,open,bugfix,pr_title,high,0,
sglang,40489,2026-09-20T19:20:44Z,open,new_workloads,pr_title,medium,0,
sglang,35266,2026-08-18T06:30:50Z,closed_unmerged,other,pr_title,low,0,
sglang,30608,2026-07-09T06:38:39Z,merged,documentation,matched_squash_commit,high,0,9e4483d725544bd66792014367e9a2d65e7b5de6
sglang,28160,2026-06-13T23:24:23Z,merged,core_runtime_serving,matched_squash_commit,medium,0,93b402580c0ad4a79e13d557c7ae9a251883cc26
sglang,30249,2026-07-06T10:29:51Z,merged,maintenance_refactor,matched_squash_commit,high,0,108a183f6bdd2035e649f6812c17ddb3193ebd65
sglang,40191,2026-09-18T14:42:15Z,open,other,pr_title,low,0,
sglang,31431,2026-07-16T07:06:39Z,closed_unmerged,hardware_backend,pr_title,medium,0,
sglang,26134,2026-05-22T23:03:44Z,merged,hardware_backend,matched_squash_commit,medium,1,d226f7566945eceb5713c0068ff83cfbda11b84c
sglang,13602,2025-11-19T19:46:54Z,merged,hardware_backend,matched_squash_commit,high,0,b86bbf841e813716fa82c9e1cd08e3c267feb682
sglang,15729,2025-12-24T07:24:59Z,closed_unmerged,model_support,pr_title,medium,0,
sglang,34662,2026-08-13T03:13:45Z,merged,bugfix,matched_squash_commit,high,0,69bf601e3c8ba430774e1effcaf938b49c869437
sglang,26143,2026-05-23T02:50:36Z,open,other,pr_title,low,0,
sglang,28617,2026-06-18T05:50:23Z,merged,bugfix,matched_squash_commit,high,0,59001267c3c3822598f4ff4903a309ba6543984f
sglang,15578,2025-12-21T19:48:31Z,merged,api_frontend_router,matched_squash_commit,medium,0,e1dcd0df3eab07ef57549f388f9d7bb0cca9eafd
sglang,30392,2026-07-07T12:28:46Z,merged,core_runtime_serving,matched_squash_commit,medium,0,14ffd447a4bc431c67e33e1743e076e0f53780c8
sglang,28371,2026-06-16T02:45:12Z,merged,kernel_correctness,matched_squash_commit,high,1,093908d4c0df80453e89e873f721b9830c857742
sglang,13613,2025-11-20T02:35:24Z,merged,bugfix,matched_squash_commit,high,0,dc69462456671ddf18b53e8d7c4a7f4c28454b3c
sglang,22598,2026-04-11T17:40:18Z,merged,kernel_correctness,matched_squash_commit,high,1,b74a9dd85447b42d3b7a21f87afdc8709ae7e681
sglang,39200,2026-09-12T07:26:05Z,merged,kernel_performance,matched_squash_commit,high,0,2fa6b94e3440d28dab7460246f0b34426a4e4b80
sglang,30358,2026-07-07T06:48:10Z,merged,hardware_backend,matched_squash_commit,high,0,5e9032c527e698cbb49cae71fac418df75538a08
sglang,39562,2026-09-15T07:15:59Z,open,bugfix,pr_title,high,0,
sglang,24296,2026-05-03T06:34:10Z,merged,bugfix,matched_squash_commit,high,0,22cf7d2b42fe34bfb331c8a737715b5ae823df91
sglang,18454,2026-02-08T22:38:00Z,merged,new_workloads,matched_squash_commit,medium,0,bc79a64d3a81b1540c15d376b967dd436503d926
sglang,41251,2026-09-25T14:16:46Z,open,kernel_performance,pr_title,high,0,
sglang,38974,2026-09-11T01:46:06Z,open,bugfix,pr_title,high,0,
sglang,40708,2026-09-22T07:04:38Z,open,hardware_backend,pr_title,high,0,
sglang,25000,2026-05-11T18:25:39Z,merged,kernel_performance,matched_squash_commit,high,0,a10bd785bedad1a443be9b7ad13ffb499896cfce
sglang,25678,2026-05-18T18:20:24Z,merged,maintenance_refactor,matched_squash_commit,high,1,b765faee30490ad3e49124257457603b265279da
sglang,24530,2026-05-06T11:58:35Z,closed_unmerged,hardware_backend,pr_title,high,0,
sglang,15147,2025-12-15T04:45:45Z,merged,model_support,matched_squash_commit,medium,0,bd9c3a47d6d48be7442ec8a280a046c8a9903e9f
sglang,17094,2026-01-15T02:10:42Z,merged,kernel_performance,matched_squash_commit,high,0,81449b4beebf761eab1ad67ad19e3cab4c0109d4
sglang,38540,2026-09-08T17:09:38Z,open,new_workloads,pr_title,medium,0,
sglang,34232,2026-08-10T07:02:49Z,open,other,pr_title,low,0,
sglang,17711,2026-01-25T14:38:02Z,merged,maintenance_refactor,matched_squash_commit,high,0,7a1d7ab47b583b180da6cac6dc8d86a4e24b95cb
sglang,23506,2026-04-22T23:43:57Z,merged,api_frontend_router,matched_squash_commit,medium,0,1d1972139464a32931f9458fa7d22743b05f7527
sglang,29296,2026-06-25T09:55:35Z,merged,bugfix,matched_squash_commit,high,0,5de66d7fbc17addee15ff52d89157e3984f3cd9d
sglang,35154,2026-08-17T12:10:02Z,merged,kernel_correctness,matched_squash_commit,high,1,961beee9e521decec22c511de7300e5cef474cb1
sglang,39296,2026-09-13T11:37:48Z,open,kernel_performance,pr_title,high,0,
sglang,31963,2026-07-21T18:09:42Z,closed_unmerged,kernel_performance,pr_title,high,0,
sglang,13137,2025-11-12T08:12:14Z,merged,api_frontend_router,matched_squash_commit,medium,0,3cdec20c6b342955626b9e1ca0b2a049dfbd0d00
sglang,26502,2026-05-27T20:38:20Z,merged,kernel_performance,matched_squash_commit,high,0,5ae8d286d2b851a188aa753b46efc45e5322949e
sglang,17862,2026-01-28T06:26:57Z,merged,maintenance_refactor,matched_squash_commit,high,0,3b8930227762f96fb745098d68841456d49a318f
sglang,26344,2026-05-26T05:20:08Z,merged,documentation,matched_squash_commit,high,0,f0ba651d6681bc09aa95be21029298115174853f
sglang,27166,2026-06-03T14:25:00Z,merged,core_runtime_serving,matched_squash_commit,low,0,3b62286fca3a4612e008a26655ffd3a31321e49b
sglang,34033,2026-08-07T21:39:40Z,merged,hardware_backend,pr_title,high,0,
sglang,30859,2026-07-11T10:20:33Z,merged,core_runtime_serving,matched_squash_commit,medium,1,a8d716ce8d4d1e018aad5c27fec4a7567ec17579
sglang,16210,2025-12-31T07:58:13Z,closed_unmerged,kernel_performance,pr_title,high,0,
sglang,37658,2026-09-02T20:53:56Z,merged,hardware_backend,matched_squash_commit,high,0,dae126d510b786a2424684c17ca4e5e70d74e8f7
sglang,15495,2025-12-19T20:46:53Z,merged,api_frontend_router,matched_squash_commit,medium,0,b5eb0214caeeef44ec0f5475e755d178e01b0afb
sglang,38797,2026-09-10T05:59:36Z,closed_unmerged,model_support,pr_title,high,0,
sglang,26406,2026-05-26T12:41:44Z,merged,kernel_performance,matched_squash_commit,high,0,6c69756fa841c17c37d77308dff21421f1e7cad6
sglang,26419,2026-05-26T21:48:57Z,closed_unmerged,hardware_backend,pr_title,medium,0,
sglang,13358,2025-11-16T02:14:00Z,merged,maintenance_refactor,matched_squash_commit,high,0,1ca205f6da0c37682aa9e5c44a8166505840d163
sglang,12028,2025-10-23T19:28:29Z,merged,hardware_backend,matched_squash_commit,high,0,8ae9d4bb41d47fab09d6cd5ee5fb4c513be32c07
sglang,33358,2026-08-03T07:01:03Z,closed_unmerged,kernel_performance,pr_title,high,0,
sglang,39445,2026-09-14T17:37:46Z,merged,kernel_performance,pr_title,high,0,
sglang,18167,2026-02-03T10:28:39Z,closed_unmerged,model_support,pr_title,medium,0,
sglang,41187,2026-09-24T23:56:39Z,open,core_runtime_serving,pr_title,medium,0,
sglang,22017,2026-04-03T07:09:25Z,closed_unmerged,bugfix,pr_title,high,0,
sglang,26869,2026-06-01T01:11:52Z,closed_unmerged,maintenance_refactor,pr_title,high,0,
sglang,16335,2026-01-03T06:57:36Z,merged,bugfix,matched_squash_commit,high,0,dcacc492d04c402fd12dc425829cf72985f5e047
sglang,34508,2026-08-12T03:06:20Z,merged,new_workloads,matched_squash_commit,medium,1,1f008dc226cd25b0b6cb1ab068249c03adccd7af
sglang,36836,2026-08-28T09:28:25Z,open,bugfix,pr_title,high,0,
sglang,13846,2025-11-24T10:20:42Z,merged,model_support,matched_squash_commit,high,0,8ef11569a2b2959d62ec57def30031a6e78d9af5
sglang,29667,2026-06-29T17:09:10Z,merged,model_support,matched_squash_commit,medium,1,07ca24372bbefd0a356a38996f74e01126fbe876
sglang,24010,2026-04-29T06:20:05Z,merged,hardware_backend,matched_squash_commit,medium,0,62136073f9b5bb26001cb725e955fe9b5e5a2069
sglang,20294,2026-03-10T20:03:39Z,merged,hardware_backend,matched_squash_commit,high,0,6cb1c2d53da32650aea68f290e3cbc0024964f54
sglang,25548,2026-05-18T00:25:08Z,merged,core_runtime_serving,matched_squash_commit,low,0,43e133208a87b18bf7d3082fd6ac6f33c512b48e
sglang,16593,2026-01-06T21:53:47Z,merged,bugfix,matched_squash_commit,high,0,951d16c8902849bee460d6cad4f16f1b00709d3d
sglang,26319,2026-05-25T18:34:20Z,open,kernel_performance,pr_title,high,0,
sglang,40769,2026-09-22T19:17:39Z,open,hardware_backend,pr_title,high,0,
sglang,24443,2026-05-05T20:04:59Z,closed_unmerged,other,pr_title,low,0,
sglang,32552,2026-07-27T16:32:55Z,open,hardware_backend,pr_title,high,0,
sglang,11318,2025-10-08T04:07:54Z,merged,core_runtime_serving,matched_squash_commit,medium,0,92473e2e342b917bc4194f0888b6810f228da83d
sglang,15464,2025-12-19T07:57:29Z,merged,kernel_performance,matched_squash_commit,high,0,165f5c04cbc241ad490e2241880e92f7e1b8b942
sglang,11985,2025-10-22T21:34:29Z,merged,kernel_correctness,matched_squash_commit,high,1,c23eda8589f62eb9dc94ae44c6bccf976125351d
sglang,38140,2026-09-05T16:14:49Z,open,core_runtime_serving,pr_title,medium,0,
sglang,39242,2026-09-12T23:26:43Z,open,other,pr_title,low,0,
sglang,25953,2026-05-21T06:55:56Z,merged,kernel_performance,matched_squash_commit,high,0,f829cafa3e08a05d18fa8ab83617c303671fea44
sglang,41553,2026-09-28T10:23:35Z,open,other,pr_title,low,0,
