quarter,partial_quarter,metric,category,count,total,share,kernel_touch_count,kernel_touch_share,contributors,top5_share,gini,contributors_for_50pct
2023Q4,0,primary_purpose,kernel_performance,0,1,0.0,0,0.0,1,1.0,0.0,1
2023Q4,0,primary_purpose,kernel_correctness,0,1,0.0,0,0.0,1,1.0,0.0,1
2023Q4,0,primary_purpose,bugfix,0,1,0.0,0,0.0,1,1.0,0.0,1
2023Q4,0,primary_purpose,hardware_backend,0,1,0.0,0,0.0,1,1.0,0.0,1
2023Q4,0,primary_purpose,model_support,0,1,0.0,0,0.0,1,1.0,0.0,1
2023Q4,0,primary_purpose,core_runtime_serving,1,1,1.0,0,0.0,1,1.0,0.0,1
2023Q4,0,primary_purpose,api_frontend_router,0,1,0.0,0,0.0,1,1.0,0.0,1
2023Q4,0,primary_purpose,test_ci_build_benchmark_deps,0,1,0.0,0,0.0,1,1.0,0.0,1
2023Q4,0,primary_purpose,documentation,0,1,0.0,0,0.0,1,1.0,0.0,1
2023Q4,0,primary_purpose,maintenance_refactor,0,1,0.0,0,0.0,1,1.0,0.0,1
2023Q4,0,primary_purpose,new_workloads,0,1,0.0,0,0.0,1,1.0,0.0,1
2023Q4,0,primary_purpose,other,0,1,0.0,0,0.0,1,1.0,0.0,1
2024Q1,0,primary_purpose,kernel_performance,4,172,0.023255813953488372,0,0.0,33,0.75,0.7015503875968992,2
2024Q1,0,primary_purpose,kernel_correctness,0,172,0.0,0,0.0,33,0.75,0.7015503875968992,2
2024Q1,0,primary_purpose,bugfix,40,172,0.23255813953488372,0,0.0,33,0.75,0.7015503875968992,2
2024Q1,0,primary_purpose,hardware_backend,0,172,0.0,0,0.0,33,0.75,0.7015503875968992,2
2024Q1,0,primary_purpose,model_support,13,172,0.0755813953488372,0,0.0,33,0.75,0.7015503875968992,2
2024Q1,0,primary_purpose,core_runtime_serving,31,172,0.18023255813953487,0,0.0,33,0.75,0.7015503875968992,2
2024Q1,0,primary_purpose,api_frontend_router,25,172,0.14534883720930233,0,0.0,33,0.75,0.7015503875968992,2
2024Q1,0,primary_purpose,test_ci_build_benchmark_deps,25,172,0.14534883720930233,0,0.0,33,0.75,0.7015503875968992,2
2024Q1,0,primary_purpose,documentation,21,172,0.12209302325581395,0,0.0,33,0.75,0.7015503875968992,2
2024Q1,0,primary_purpose,maintenance_refactor,13,172,0.0755813953488372,0,0.0,33,0.75,0.7015503875968992,2
2024Q1,0,primary_purpose,new_workloads,0,172,0.0,0,0.0,33,0.75,0.7015503875968992,2
2024Q1,0,primary_purpose,other,0,172,0.0,0,0.0,33,0.75,0.7015503875968992,2
2024Q2,0,primary_purpose,kernel_performance,7,118,0.059322033898305086,5,0.0423728813559322,24,0.7966101694915254,0.6984463276836158,2
2024Q2,0,primary_purpose,kernel_correctness,0,118,0.0,5,0.0423728813559322,24,0.7966101694915254,0.6984463276836158,2
2024Q2,0,primary_purpose,bugfix,23,118,0.19491525423728814,5,0.0423728813559322,24,0.7966101694915254,0.6984463276836158,2
2024Q2,0,primary_purpose,hardware_backend,0,118,0.0,5,0.0423728813559322,24,0.7966101694915254,0.6984463276836158,2
2024Q2,0,primary_purpose,model_support,12,118,0.1016949152542373,5,0.0423728813559322,24,0.7966101694915254,0.6984463276836158,2
2024Q2,0,primary_purpose,core_runtime_serving,20,118,0.1694915254237288,5,0.0423728813559322,24,0.7966101694915254,0.6984463276836158,2
2024Q2,0,primary_purpose,api_frontend_router,13,118,0.11016949152542373,5,0.0423728813559322,24,0.7966101694915254,0.6984463276836158,2
2024Q2,0,primary_purpose,test_ci_build_benchmark_deps,21,118,0.17796610169491525,5,0.0423728813559322,24,0.7966101694915254,0.6984463276836158,2
2024Q2,0,primary_purpose,documentation,5,118,0.0423728813559322,5,0.0423728813559322,24,0.7966101694915254,0.6984463276836158,2
2024Q2,0,primary_purpose,maintenance_refactor,17,118,0.1440677966101695,5,0.0423728813559322,24,0.7966101694915254,0.6984463276836158,2
2024Q2,0,primary_purpose,new_workloads,0,118,0.0,5,0.0423728813559322,24,0.7966101694915254,0.6984463276836158,2
2024Q2,0,primary_purpose,other,0,118,0.0,5,0.0423728813559322,24,0.7966101694915254,0.6984463276836158,2
2024Q3,0,primary_purpose,kernel_performance,13,615,0.02113821138211382,93,0.15121951219512195,73,0.791869918699187,0.8085087426216728,3
2024Q3,0,primary_purpose,kernel_correctness,21,615,0.03414634146341464,93,0.15121951219512195,73,0.791869918699187,0.8085087426216728,3
2024Q3,0,primary_purpose,bugfix,100,615,0.16260162601626016,93,0.15121951219512195,73,0.791869918699187,0.8085087426216728,3
2024Q3,0,primary_purpose,hardware_backend,3,615,0.004878048780487805,93,0.15121951219512195,73,0.791869918699187,0.8085087426216728,3
2024Q3,0,primary_purpose,model_support,48,615,0.07804878048780488,93,0.15121951219512195,73,0.791869918699187,0.8085087426216728,3
2024Q3,0,primary_purpose,core_runtime_serving,80,615,0.13008130081300814,93,0.15121951219512195,73,0.791869918699187,0.8085087426216728,3
2024Q3,0,primary_purpose,api_frontend_router,22,615,0.03577235772357724,93,0.15121951219512195,73,0.791869918699187,0.8085087426216728,3
2024Q3,0,primary_purpose,test_ci_build_benchmark_deps,186,615,0.3024390243902439,93,0.15121951219512195,73,0.791869918699187,0.8085087426216728,3
2024Q3,0,primary_purpose,documentation,65,615,0.10569105691056911,93,0.15121951219512195,73,0.791869918699187,0.8085087426216728,3
2024Q3,0,primary_purpose,maintenance_refactor,77,615,0.12520325203252033,93,0.15121951219512195,73,0.791869918699187,0.8085087426216728,3
2024Q3,0,primary_purpose,new_workloads,0,615,0.0,93,0.15121951219512195,73,0.791869918699187,0.8085087426216728,3
2024Q3,0,primary_purpose,other,0,615,0.0,93,0.15121951219512195,73,0.791869918699187,0.8085087426216728,3
2024Q4,0,primary_purpose,kernel_performance,32,713,0.04488078541374474,173,0.2426367461430575,96,0.6802244039270687,0.7951291491351099,2
2024Q4,0,primary_purpose,kernel_correctness,26,713,0.0364656381486676,173,0.2426367461430575,96,0.6802244039270687,0.7951291491351099,2
2024Q4,0,primary_purpose,bugfix,89,713,0.12482468443197756,173,0.2426367461430575,96,0.6802244039270687,0.7951291491351099,2
2024Q4,0,primary_purpose,hardware_backend,8,713,0.011220196353436185,173,0.2426367461430575,96,0.6802244039270687,0.7951291491351099,2
2024Q4,0,primary_purpose,model_support,29,713,0.04067321178120617,173,0.2426367461430575,96,0.6802244039270687,0.7951291491351099,2
2024Q4,0,primary_purpose,core_runtime_serving,114,713,0.15988779803646563,173,0.2426367461430575,96,0.6802244039270687,0.7951291491351099,2
2024Q4,0,primary_purpose,api_frontend_router,33,713,0.04628330995792426,173,0.2426367461430575,96,0.6802244039270687,0.7951291491351099,2
2024Q4,0,primary_purpose,test_ci_build_benchmark_deps,197,713,0.2762973352033661,173,0.2426367461430575,96,0.6802244039270687,0.7951291491351099,2
2024Q4,0,primary_purpose,documentation,74,713,0.10378681626928471,173,0.2426367461430575,96,0.6802244039270687,0.7951291491351099,2
2024Q4,0,primary_purpose,maintenance_refactor,111,713,0.15568022440392706,173,0.2426367461430575,96,0.6802244039270687,0.7951291491351099,2
2024Q4,0,primary_purpose,new_workloads,0,713,0.0,173,0.2426367461430575,96,0.6802244039270687,0.7951291491351099,2
2024Q4,0,primary_purpose,other,0,713,0.0,173,0.2426367461430575,96,0.6802244039270687,0.7951291491351099,2
2025Q1,0,primary_purpose,kernel_performance,35,1032,0.03391472868217054,370,0.35852713178294576,202,0.4583333333333333,0.712525903753166,7
2025Q1,0,primary_purpose,kernel_correctness,59,1032,0.05717054263565891,370,0.35852713178294576,202,0.4583333333333333,0.712525903753166,7
2025Q1,0,primary_purpose,bugfix,101,1032,0.09786821705426356,370,0.35852713178294576,202,0.4583333333333333,0.712525903753166,7
2025Q1,0,primary_purpose,hardware_backend,30,1032,0.029069767441860465,370,0.35852713178294576,202,0.4583333333333333,0.712525903753166,7
2025Q1,0,primary_purpose,model_support,57,1032,0.055232558139534885,370,0.35852713178294576,202,0.4583333333333333,0.712525903753166,7
2025Q1,0,primary_purpose,core_runtime_serving,160,1032,0.15503875968992248,370,0.35852713178294576,202,0.4583333333333333,0.712525903753166,7
2025Q1,0,primary_purpose,api_frontend_router,30,1032,0.029069767441860465,370,0.35852713178294576,202,0.4583333333333333,0.712525903753166,7
2025Q1,0,primary_purpose,test_ci_build_benchmark_deps,306,1032,0.29651162790697677,370,0.35852713178294576,202,0.4583333333333333,0.712525903753166,7
2025Q1,0,primary_purpose,documentation,120,1032,0.11627906976744186,370,0.35852713178294576,202,0.4583333333333333,0.712525903753166,7
2025Q1,0,primary_purpose,maintenance_refactor,133,1032,0.12887596899224807,370,0.35852713178294576,202,0.4583333333333333,0.712525903753166,7
2025Q1,0,primary_purpose,new_workloads,1,1032,0.0009689922480620155,370,0.35852713178294576,202,0.4583333333333333,0.712525903753166,7
2025Q1,0,primary_purpose,other,0,1032,0.0,370,0.35852713178294576,202,0.4583333333333333,0.712525903753166,7
2025Q2,0,primary_purpose,kernel_performance,70,1241,0.05640612409347301,432,0.34810636583400484,208,0.3843674456083803,0.7096595487510072,10
2025Q2,0,primary_purpose,kernel_correctness,91,1241,0.07332796132151491,432,0.34810636583400484,208,0.3843674456083803,0.7096595487510072,10
2025Q2,0,primary_purpose,bugfix,169,1241,0.1361804995970991,432,0.34810636583400484,208,0.3843674456083803,0.7096595487510072,10
2025Q2,0,primary_purpose,hardware_backend,27,1241,0.021756647864625302,432,0.34810636583400484,208,0.3843674456083803,0.7096595487510072,10
2025Q2,0,primary_purpose,model_support,77,1241,0.062046736502820304,432,0.34810636583400484,208,0.3843674456083803,0.7096595487510072,10
2025Q2,0,primary_purpose,core_runtime_serving,197,1241,0.1587429492344883,432,0.34810636583400484,208,0.3843674456083803,0.7096595487510072,10
2025Q2,0,primary_purpose,api_frontend_router,39,1241,0.031426269137792104,432,0.34810636583400484,208,0.3843674456083803,0.7096595487510072,10
2025Q2,0,primary_purpose,test_ci_build_benchmark_deps,307,1241,0.24738114423851731,432,0.34810636583400484,208,0.3843674456083803,0.7096595487510072,10
2025Q2,0,primary_purpose,documentation,54,1241,0.043513295729250605,432,0.34810636583400484,208,0.3843674456083803,0.7096595487510072,10
2025Q2,0,primary_purpose,maintenance_refactor,202,1241,0.16277195809830783,432,0.34810636583400484,208,0.3843674456083803,0.7096595487510072,10
2025Q2,0,primary_purpose,new_workloads,7,1241,0.0056406124093473006,432,0.34810636583400484,208,0.3843674456083803,0.7096595487510072,10
2025Q2,0,primary_purpose,other,1,1241,0.0008058017727639,432,0.34810636583400484,208,0.3843674456083803,0.7096595487510072,10
2025Q3,0,primary_purpose,kernel_performance,93,1727,0.05385060799073538,561,0.3248407643312102,337,0.31036479444122755,0.6981695844838222,16
2025Q3,0,primary_purpose,kernel_correctness,140,1727,0.08106543138390272,561,0.3248407643312102,337,0.31036479444122755,0.6981695844838222,16
2025Q3,0,primary_purpose,bugfix,238,1727,0.13781123335263462,561,0.3248407643312102,337,0.31036479444122755,0.6981695844838222,16
2025Q3,0,primary_purpose,hardware_backend,47,1727,0.02721482339316734,561,0.3248407643312102,337,0.31036479444122755,0.6981695844838222,16
2025Q3,0,primary_purpose,model_support,106,1727,0.061378112333526344,561,0.3248407643312102,337,0.31036479444122755,0.6981695844838222,16
2025Q3,0,primary_purpose,core_runtime_serving,255,1727,0.14765489287782282,561,0.3248407643312102,337,0.31036479444122755,0.6981695844838222,16
2025Q3,0,primary_purpose,api_frontend_router,127,1727,0.07353792704111176,561,0.3248407643312102,337,0.31036479444122755,0.6981695844838222,16
2025Q3,0,primary_purpose,test_ci_build_benchmark_deps,405,1727,0.23451071221771858,561,0.3248407643312102,337,0.31036479444122755,0.6981695844838222,16
2025Q3,0,primary_purpose,documentation,52,1727,0.030110017371163866,561,0.3248407643312102,337,0.31036479444122755,0.6981695844838222,16
2025Q3,0,primary_purpose,maintenance_refactor,255,1727,0.14765489287782282,561,0.3248407643312102,337,0.31036479444122755,0.6981695844838222,16
2025Q3,0,primary_purpose,new_workloads,9,1727,0.0052113491603937466,561,0.3248407643312102,337,0.31036479444122755,0.6981695844838222,16
2025Q3,0,primary_purpose,other,0,1727,0.0,561,0.3248407643312102,337,0.31036479444122755,0.6981695844838222,16
2025Q4,0,primary_purpose,kernel_performance,112,2796,0.04005722460658083,648,0.2317596566523605,433,0.29434907010014305,0.738288283823476,15
2025Q4,0,primary_purpose,kernel_correctness,127,2796,0.04542203147353362,648,0.2317596566523605,433,0.29434907010014305,0.738288283823476,15
2025Q4,0,primary_purpose,bugfix,369,2796,0.13197424892703863,648,0.2317596566523605,433,0.29434907010014305,0.738288283823476,15
2025Q4,0,primary_purpose,hardware_backend,65,2796,0.023247496423462088,648,0.2317596566523605,433,0.29434907010014305,0.738288283823476,15
2025Q4,0,primary_purpose,model_support,223,2796,0.07975679542203147,648,0.2317596566523605,433,0.29434907010014305,0.738288283823476,15
2025Q4,0,primary_purpose,core_runtime_serving,335,2796,0.1198140200286123,648,0.2317596566523605,433,0.29434907010014305,0.738288283823476,15
2025Q4,0,primary_purpose,api_frontend_router,135,2796,0.048283261802575105,648,0.2317596566523605,433,0.29434907010014305,0.738288283823476,15
2025Q4,0,primary_purpose,test_ci_build_benchmark_deps,833,2796,0.2979256080114449,648,0.2317596566523605,433,0.29434907010014305,0.738288283823476,15
2025Q4,0,primary_purpose,documentation,115,2796,0.04113018597997139,648,0.2317596566523605,433,0.29434907010014305,0.738288283823476,15
2025Q4,0,primary_purpose,maintenance_refactor,412,2796,0.1473533619456366,648,0.2317596566523605,433,0.29434907010014305,0.738288283823476,15
2025Q4,0,primary_purpose,new_workloads,70,2796,0.02503576537911302,648,0.2317596566523605,433,0.29434907010014305,0.738288283823476,15
2025Q4,0,primary_purpose,other,0,2796,0.0,648,0.2317596566523605,433,0.29434907010014305,0.738288283823476,15
2026Q1,0,primary_purpose,kernel_performance,111,2722,0.040778839088905214,666,0.2446730345334313,522,0.21895664952240998,0.6951390824303744,22
2026Q1,0,primary_purpose,kernel_correctness,163,2722,0.05988243938280676,666,0.2446730345334313,522,0.21895664952240998,0.6951390824303744,22
2026Q1,0,primary_purpose,bugfix,371,2722,0.13629684055841293,666,0.2446730345334313,522,0.21895664952240998,0.6951390824303744,22
2026Q1,0,primary_purpose,hardware_backend,124,2722,0.045554739162380606,666,0.2446730345334313,522,0.21895664952240998,0.6951390824303744,22
2026Q1,0,primary_purpose,model_support,145,2722,0.053269654665687,666,0.2446730345334313,522,0.21895664952240998,0.6951390824303744,22
2026Q1,0,primary_purpose,core_runtime_serving,336,2722,0.12343864805290228,666,0.2446730345334313,522,0.21895664952240998,0.6951390824303744,22
2026Q1,0,primary_purpose,api_frontend_router,57,2722,0.02094048493754592,666,0.2446730345334313,522,0.21895664952240998,0.6951390824303744,22
2026Q1,0,primary_purpose,test_ci_build_benchmark_deps,826,2722,0.30345334313005146,666,0.2446730345334313,522,0.21895664952240998,0.6951390824303744,22
2026Q1,0,primary_purpose,documentation,138,2722,0.050698016164584865,666,0.2446730345334313,522,0.21895664952240998,0.6951390824303744,22
2026Q1,0,primary_purpose,maintenance_refactor,358,2722,0.13152094048493754,666,0.2446730345334313,522,0.21895664952240998,0.6951390824303744,22
2026Q1,0,primary_purpose,new_workloads,93,2722,0.03416605437178545,666,0.2446730345334313,522,0.21895664952240998,0.6951390824303744,22
2026Q1,0,primary_purpose,other,0,2722,0.0,666,0.2446730345334313,522,0.21895664952240998,0.6951390824303744,22
2026Q2,0,primary_purpose,kernel_performance,217,3541,0.06128212369387179,1009,0.2849477548715052,584,0.24089240327591077,0.720291748712731,22
2026Q2,0,primary_purpose,kernel_correctness,251,3541,0.0708839310929116,1009,0.2849477548715052,584,0.24089240327591077,0.720291748712731,22
2026Q2,0,primary_purpose,bugfix,477,3541,0.13470770968652923,1009,0.2849477548715052,584,0.24089240327591077,0.720291748712731,22
2026Q2,0,primary_purpose,hardware_backend,195,3541,0.05506918949449308,1009,0.2849477548715052,584,0.24089240327591077,0.720291748712731,22
2026Q2,0,primary_purpose,model_support,198,3541,0.05591640779440836,1009,0.2849477548715052,584,0.24089240327591077,0.720291748712731,22
2026Q2,0,primary_purpose,core_runtime_serving,585,3541,0.16520756848347926,1009,0.2849477548715052,584,0.24089240327591077,0.720291748712731,22
2026Q2,0,primary_purpose,api_frontend_router,55,3541,0.015532335498446766,1009,0.2849477548715052,584,0.24089240327591077,0.720291748712731,22
2026Q2,0,primary_purpose,test_ci_build_benchmark_deps,914,3541,0.2581191753741881,1009,0.2849477548715052,584,0.24089240327591077,0.720291748712731,22
2026Q2,0,primary_purpose,documentation,219,3541,0.061846935893815305,1009,0.2849477548715052,584,0.24089240327591077,0.720291748712731,22
2026Q2,0,primary_purpose,maintenance_refactor,341,3541,0.09630048009036996,1009,0.2849477548715052,584,0.24089240327591077,0.720291748712731,22
2026Q2,0,primary_purpose,new_workloads,89,3541,0.025134142897486587,1009,0.2849477548715052,584,0.24089240327591077,0.720291748712731,22
2026Q2,0,primary_purpose,other,0,3541,0.0,1009,0.2849477548715052,584,0.24089240327591077,0.720291748712731,22
2026Q3,1,primary_purpose,kernel_performance,264,4357,0.06059215056231352,1551,0.35597888455359195,673,0.2795501491852192,0.7379152128681588,22
2026Q3,1,primary_purpose,kernel_correctness,340,4357,0.07803534542116135,1551,0.35597888455359195,673,0.2795501491852192,0.7379152128681588,22
2026Q3,1,primary_purpose,bugfix,506,4357,0.11613495524443425,1551,0.35597888455359195,673,0.2795501491852192,0.7379152128681588,22
2026Q3,1,primary_purpose,hardware_backend,295,4357,0.06770713793894882,1551,0.35597888455359195,673,0.2795501491852192,0.7379152128681588,22
2026Q3,1,primary_purpose,model_support,266,4357,0.06105118200596741,1551,0.35597888455359195,673,0.2795501491852192,0.7379152128681588,22
2026Q3,1,primary_purpose,core_runtime_serving,719,4357,0.16502180399357355,1551,0.35597888455359195,673,0.2795501491852192,0.7379152128681588,22
2026Q3,1,primary_purpose,api_frontend_router,106,4357,0.024328666513656186,1551,0.35597888455359195,673,0.2795501491852192,0.7379152128681588,22
2026Q3,1,primary_purpose,test_ci_build_benchmark_deps,882,4357,0.20243286665136562,1551,0.35597888455359195,673,0.2795501491852192,0.7379152128681588,22
2026Q3,1,primary_purpose,documentation,290,4357,0.0665595593298141,1551,0.35597888455359195,673,0.2795501491852192,0.7379152128681588,22
2026Q3,1,primary_purpose,maintenance_refactor,496,4357,0.1138397980261648,1551,0.35597888455359195,673,0.2795501491852192,0.7379152128681588,22
2026Q3,1,primary_purpose,new_workloads,192,4357,0.04406701859077347,1551,0.35597888455359195,673,0.2795501491852192,0.7379152128681588,22
2026Q3,1,primary_purpose,other,1,4357,0.00022951572182694515,1551,0.35597888455359195,673,0.2795501491852192,0.7379152128681588,22
