repo,quarter,partial_quarter,subsystem,title_match_count,total_commits,title_match_share,first_observed
vllm,2023Q1,0,diffusion_image_video,0,93,0.0,0
vllm,2023Q1,0,router_gateway,0,93,0.0,0
vllm,2023Q1,0,disaggregation_pd,0,93,0.0,0
vllm,2023Q1,0,multimodal,0,93,0.0,0
vllm,2023Q1,0,rl_training,0,93,0.0,0
vllm,2023Q2,0,diffusion_image_video,0,117,0.0,0
vllm,2023Q2,0,router_gateway,0,117,0.0,0
vllm,2023Q2,0,disaggregation_pd,0,117,0.0,0
vllm,2023Q2,0,multimodal,0,117,0.0,0
vllm,2023Q2,0,rl_training,0,117,0.0,0
vllm,2023Q3,0,diffusion_image_video,0,173,0.0,0
vllm,2023Q3,0,router_gateway,0,173,0.0,0
vllm,2023Q3,0,disaggregation_pd,0,173,0.0,0
vllm,2023Q3,0,multimodal,0,173,0.0,0
vllm,2023Q3,0,rl_training,0,173,0.0,0
vllm,2023Q4,0,diffusion_image_video,0,230,0.0,0
vllm,2023Q4,0,router_gateway,0,230,0.0,0
vllm,2023Q4,0,disaggregation_pd,0,230,0.0,0
vllm,2023Q4,0,multimodal,0,230,0.0,0
vllm,2023Q4,0,rl_training,0,230,0.0,0
vllm,2024Q1,0,diffusion_image_video,0,392,0.0,0
vllm,2024Q1,0,router_gateway,0,392,0.0,0
vllm,2024Q1,0,disaggregation_pd,0,392,0.0,0
vllm,2024Q1,0,multimodal,2,392,0.00510204081632653,1
vllm,2024Q1,0,rl_training,0,392,0.0,0
vllm,2024Q2,0,diffusion_image_video,0,767,0.0,0
vllm,2024Q2,0,router_gateway,0,767,0.0,0
vllm,2024Q2,0,disaggregation_pd,0,767,0.0,0
vllm,2024Q2,0,multimodal,15,767,0.01955671447196871,0
vllm,2024Q2,0,rl_training,0,767,0.0,0
vllm,2024Q3,0,diffusion_image_video,0,1078,0.0,0
vllm,2024Q3,0,router_gateway,0,1078,0.0,0
vllm,2024Q3,0,disaggregation_pd,0,1078,0.0,0
vllm,2024Q3,0,multimodal,48,1078,0.04452690166975881,0
vllm,2024Q3,0,rl_training,0,1078,0.0,0
vllm,2024Q4,0,diffusion_image_video,0,1120,0.0,0
vllm,2024Q4,0,router_gateway,0,1120,0.0,0
vllm,2024Q4,0,disaggregation_pd,0,1120,0.0,0
vllm,2024Q4,0,multimodal,56,1120,0.05,0
vllm,2024Q4,0,rl_training,0,1120,0.0,0
vllm,2025Q1,0,diffusion_image_video,0,1557,0.0,0
vllm,2025Q1,0,router_gateway,0,1557,0.0,0
vllm,2025Q1,0,disaggregation_pd,1,1557,0.0006422607578676942,1
vllm,2025Q1,0,multimodal,73,1557,0.046885035324341684,0
vllm,2025Q1,0,rl_training,2,1557,0.0012845215157353885,1
vllm,2025Q2,0,diffusion_image_video,0,1855,0.0,0
vllm,2025Q2,0,router_gateway,1,1855,0.0005390835579514825,1
vllm,2025Q2,0,disaggregation_pd,29,1855,0.015633423180592992,0
vllm,2025Q2,0,multimodal,46,1855,0.024797843665768194,0
vllm,2025Q2,0,rl_training,0,1855,0.0,0
vllm,2025Q3,0,diffusion_image_video,0,2646,0.0,0
vllm,2025Q3,0,router_gateway,3,2646,0.0011337868480725624,0
vllm,2025Q3,0,disaggregation_pd,41,2646,0.015495086923658353,0
vllm,2025Q3,0,multimodal,66,2646,0.024943310657596373,0
vllm,2025Q3,0,rl_training,6,2646,0.0022675736961451248,0
vllm,2025Q4,0,diffusion_image_video,1,2573,0.000388651379712398,1
vllm,2025Q4,0,router_gateway,7,2573,0.0027205596579867857,0
vllm,2025Q4,0,disaggregation_pd,47,2573,0.018266614846482704,0
vllm,2025Q4,0,multimodal,46,2573,0.017877963466770307,0
vllm,2025Q4,0,rl_training,6,2573,0.002331908278274388,0
vllm,2026Q1,0,diffusion_image_video,0,2817,0.0,0
vllm,2026Q1,0,router_gateway,19,2817,0.0067447639332623354,0
vllm,2026Q1,0,disaggregation_pd,43,2817,0.01526446574369897,0
vllm,2026Q1,0,multimodal,67,2817,0.023784167554135604,0
vllm,2026Q1,0,rl_training,8,2817,0.0028399006034788782,0
vllm,2026Q2,0,diffusion_image_video,2,2858,0.0006997900629811056,0
vllm,2026Q2,0,router_gateway,23,2858,0.008047585724282715,0
vllm,2026Q2,0,disaggregation_pd,72,2858,0.025192442267319804,0
vllm,2026Q2,0,multimodal,65,2858,0.022743177046885936,0
vllm,2026Q2,0,rl_training,2,2858,0.0006997900629811056,0
vllm,2026Q3,1,diffusion_image_video,3,3820,0.0007853403141361257,0
vllm,2026Q3,1,router_gateway,36,3820,0.009424083769633508,0
vllm,2026Q3,1,disaggregation_pd,77,3820,0.020157068062827226,0
vllm,2026Q3,1,multimodal,120,3820,0.031413612565445025,0
vllm,2026Q3,1,rl_training,18,3820,0.004712041884816754,0
sglang,2023Q4,0,diffusion_image_video,0,1,0.0,0
sglang,2023Q4,0,router_gateway,0,1,0.0,0
sglang,2023Q4,0,disaggregation_pd,0,1,0.0,0
sglang,2023Q4,0,multimodal,0,1,0.0,0
sglang,2023Q4,0,rl_training,0,1,0.0,0
sglang,2024Q1,0,diffusion_image_video,0,172,0.0,0
sglang,2024Q1,0,router_gateway,0,172,0.0,0
sglang,2024Q1,0,disaggregation_pd,0,172,0.0,0
sglang,2024Q1,0,multimodal,0,172,0.0,0
sglang,2024Q1,0,rl_training,0,172,0.0,0
sglang,2024Q2,0,diffusion_image_video,0,118,0.0,0
sglang,2024Q2,0,router_gateway,0,118,0.0,0
sglang,2024Q2,0,disaggregation_pd,0,118,0.0,0
sglang,2024Q2,0,multimodal,0,118,0.0,0
sglang,2024Q2,0,rl_training,0,118,0.0,0
sglang,2024Q3,0,diffusion_image_video,0,615,0.0,0
sglang,2024Q3,0,router_gateway,0,615,0.0,0
sglang,2024Q3,0,disaggregation_pd,0,615,0.0,0
sglang,2024Q3,0,multimodal,4,615,0.0065040650406504065,1
sglang,2024Q3,0,rl_training,0,615,0.0,0
sglang,2024Q4,0,diffusion_image_video,0,713,0.0,0
sglang,2024Q4,0,router_gateway,41,713,0.05750350631136045,1
sglang,2024Q4,0,disaggregation_pd,0,713,0.0,0
sglang,2024Q4,0,multimodal,5,713,0.0070126227208976155,0
sglang,2024Q4,0,rl_training,0,713,0.0,0
sglang,2025Q1,0,diffusion_image_video,0,1032,0.0,0
sglang,2025Q1,0,router_gateway,16,1032,0.015503875968992248,0
sglang,2025Q1,0,disaggregation_pd,2,1032,0.001937984496124031,1
sglang,2025Q1,0,multimodal,10,1032,0.009689922480620155,0
sglang,2025Q1,0,rl_training,1,1032,0.0009689922480620155,1
sglang,2025Q2,0,diffusion_image_video,0,1241,0.0,0
sglang,2025Q2,0,router_gateway,16,1241,0.0128928283642224,0
sglang,2025Q2,0,disaggregation_pd,88,1241,0.07091055600322321,0
sglang,2025Q2,0,multimodal,32,1241,0.0257856567284448,0
sglang,2025Q2,0,rl_training,7,1241,0.0056406124093473006,0
sglang,2025Q3,0,diffusion_image_video,0,1727,0.0,0
sglang,2025Q3,0,router_gateway,224,1727,0.12970469021424436,0
sglang,2025Q3,0,disaggregation_pd,65,1727,0.03763752171395483,0
sglang,2025Q3,0,multimodal,22,1727,0.012738853503184714,0
sglang,2025Q3,0,rl_training,14,1727,0.008106543138390272,0
sglang,2025Q4,0,diffusion_image_video,188,2796,0.06723891273247497,1
sglang,2025Q4,0,router_gateway,388,2796,0.13876967095851217,0
sglang,2025Q4,0,disaggregation_pd,57,2796,0.0203862660944206,0
sglang,2025Q4,0,multimodal,68,2796,0.024320457796852647,0
sglang,2025Q4,0,rl_training,16,2796,0.005722460658082976,0
sglang,2026Q1,0,diffusion_image_video,365,2722,0.13409257898603968,0
sglang,2026Q1,0,router_gateway,90,2722,0.03306392358559882,0
sglang,2026Q1,0,disaggregation_pd,64,2722,0.02351212343864805,0
sglang,2026Q1,0,multimodal,59,2722,0.021675238795003673,0
sglang,2026Q1,0,rl_training,10,2722,0.0036737692872887582,0
sglang,2026Q2,0,diffusion_image_video,337,3541,0.09517085569048292,0
sglang,2026Q2,0,router_gateway,46,3541,0.012990680598700932,0
sglang,2026Q2,0,disaggregation_pd,112,3541,0.031629483196837054,0
sglang,2026Q2,0,multimodal,71,3541,0.02005083309799492,0
sglang,2026Q2,0,rl_training,23,3541,0.006495340299350466,0
sglang,2026Q3,1,diffusion_image_video,569,4357,0.1305944457195318,0
sglang,2026Q3,1,router_gateway,106,4357,0.024328666513656186,0
sglang,2026Q3,1,disaggregation_pd,130,4357,0.02983704383750287,0
sglang,2026Q3,1,multimodal,98,4357,0.022492540739040626,0
sglang,2026Q3,1,rl_training,18,4357,0.004131282992885013,0
